Estimate	Std. Error	t value	Pr(>|t|)	param	estimate	se	tvalue	pvalue	type	type2	feature	method	negative_log10_pvalue
1.2385506770554091	0.5829101567788051	2.1247711378022833	0.04195756420274376	mu.visitV28	1.2385506770554091	0.5829101567788051	2.1247711378022833	0.04195756420274376	mu	covariate	TRDV2*01+CACDTLLGDTRTDKLIF+18+(D[ST][LV]LGDT[RG]TDKL)	RADIUS+MOTIF	1.3771897322042435
1.8244379603955247	1.0940744440674672	1.6675629069743803	0.10580968461246212	mu.visitV28	1.8244379603955247	1.0940744440674672	1.6675629069743803	0.10580968461246212	mu	covariate	TRDV2*01+CACDTLLGDTRTDKLIF+18+(D[ST][LV]LGDT[RG]TDKL)	EXACT	0.9754745801149886
-0.9106175233507553	0.5526085597487242	-1.6478527291810694	0.10981872324126579	mu.visitV28	-0.9106175233507553	0.5526085597487242	-1.6478527291810694	0.10981872324126579	mu	covariate	TRDV2*01+CACDYLTGGSFTDKLIF+18+(D[AY]LTGGS[FY]TDKL)	RADIUS	0.9593236097296854
-0.9729899507671389	0.5948648700517414	-1.6356486989768082	0.11236365895738322	mu.visitV28	-0.9729899507671389	0.5948648700517414	-1.6356486989768082	0.11236365895738322	mu	covariate	TRDV2*01+CACDPVLGDTRYTDKLIF+18+(D[PS]V[LM]GDTR[Y]?TDKL)	RADIUS+MOTIF	0.94937412707879
1.1195022705559128	0.6862181571529093	1.631408698365956	0.11325919341584299	mu.visitV28	1.1195022705559128	0.6862181571529093	1.631408698365956	0.11325919341584299	mu	covariate	TRDV2*01+CACDTLLGDTGTDKLIF+18+(D[TV]LLGDT[RG]TDKL)	RADIUS+MOTIF	0.9459265355604158
0.969853660940671	0.6043657294005504	1.6047462881501164	0.11902680442463268	mu.visitV28	0.969853660940671	0.6043657294005504	1.6047462881501164	0.11902680442463268	mu	covariate	TRDV2*01+CACDSLLGDTRTDKLIF+18+(D[ST][LMV]LG[DE][KT]RTDKL)	RADIUS+MOTIF	0.9243552259784595
1.725502000139605	1.0946318059613358	1.576330955068697	0.12543759089797513	mu.visitV28	1.725502000139605	1.0946318059613358	1.576330955068697	0.12543759089797513	mu	covariate	TRDV2*01+CACDTLLGDTGYTDKLIF+18+(DTLLGDTG[Y]?TDKL)	RADIUS+MOTIF	0.9015722954581277
1.711767595365025	1.094180257988173	1.5644292454265134	0.1282054789454542	mu.visitV28	1.711767595365025	1.094180257988173	1.5644292454265134	0.1282054789454542	mu	covariate	TRDV2*01+CACDSLTGGPYTDKLIF+18+(DSLTGG[KP]YTDKL)	EXACT	0.892093414560318
1.2314895092890676	0.813694023799273	1.5134552709863074	0.14062903537704938	mu.visitV28	1.2314895092890676	0.813694023799273	1.5134552709863074	0.14062903537704938	mu	covariate	TRDV2*01+CACDSLTGGPYTDKLIF+18+(DSLTGG[KP]YTDKL)	RADIUS+MOTIF	0.8519250022025894
-0.5429418078282454	0.39080000311706126	-1.3893086066982738	0.1749655747680818	mu.visitV28	-0.5429418078282454	0.39080000311706126	-1.3893086066982738	0.1749655747680818	mu	covariate	TRDV2*01+CACDTVGAYTDKLIF+18+(DTVG[ADL][NHY]TDKL)	RADIUS+MOTIF	0.757047392222106
-0.5804072329401101	0.42129326071372697	-1.3776798422002356	0.17849347147932348	mu.visitV28	-0.5804072329401101	0.42129326071372697	-1.3776798422002356	0.17849347147932348	mu	covariate	TRDV2*01+CACDLLGDKSDKLIF+18+(D[LT]LGD[RKM]SDKL)	RADIUS	0.7483776638787106
-1.510914853529157	1.1173074302659525	-1.3522821137683783	0.18639164446198667	mu.visitV28	-1.510914853529157	1.1173074302659525	-1.3522821137683783	0.18639164446198667	mu	covariate	TRDV2*01+CACDTVGGSSWDTRQMFF+18+(DTVG[GL][NS]SWDTRQM)	EXACT	0.7295735600366843
-0.509669338071901	0.38064526819588623	-1.3389614443062428	0.1906412173807225	mu.visitV28	-0.509669338071901	0.38064526819588623	-1.3389614443062428	0.1906412173807225	mu	covariate	TRDV2*01+CACDTVGDHTDKLIF+18+(DTVG[ADL][HY]TDKL)	RADIUS+MOTIF	0.719783197371409
1.4952579386459828	1.1171010527062732	1.3385162739069953	0.1907845198651867	mu.visitV28	1.4952579386459828	1.1171010527062732	1.3385162739069953	0.1907845198651867	mu	covariate	TRDV2*01+CACDTLLGDTGTDKLIF+18+(D[TV]LLGDT[RG]TDKL)	EXACT	0.7194568665809205
0.658935825894544	0.5093114376779811	1.2937777892809956	0.2056147784075849	mu.visitV28	0.658935825894544	0.5093114376779811	1.2937777892809956	0.2056147784075849	mu	covariate	TRDV2*01+CACDTWGVATDKLIF+18+(DTWG[IV][AQ]TDKL)	RADIUS	0.6869456739656288
-0.3083314889024306	0.23946450178957956	-1.2875874570059045	0.2077343603834906	mu.visitV28	-0.3083314889024306	0.23946450178957956	-1.2875874570059045	0.2077343603834906	mu	covariate	TRDV2*01+CACDTVGDTHTDKLIF+18+(DT[LV]G[DG][T]?[HY]TDKL)	RADIUS	0.6824916628739286
-0.9984304664204471	0.8345497748944748	-1.1963701824096642	0.24092202842650196	mu.visitV28	-0.9984304664204471	0.8345497748944748	-1.1963701824096642	0.24092202842650196	mu	covariate	TRDV2*01+CACDTVGGSSWDTRQMFF+18+(DTVG[GL][NS]SWDTRQM)	RADIUS+MOTIF	0.6181234889734468
0.689367170159797	0.6149546647964472	1.1210048636479253	0.27117939180330536	mu.visitV28	0.689367170159797	0.6149546647964472	1.1210048636479253	0.27117939180330536	mu	covariate	TRDV2*01+CACDTLLGDTRSTDKLIF+18+(DT[LV]LGDTR[NS]?TDKL)	RADIUS+MOTIF	0.5667433176301038
0.5680901807060041	0.5077321585012612	1.118877682246698	0.2720714863208314	mu.visitV28	0.5680901807060041	0.5077321585012612	1.118877682246698	0.2720714863208314	mu	covariate	TRDV2*01+CACDTGGFSSWDTRQMFF+18+(DTGG[FP]SSWDTRQM)	RADIUS+MOTIF	0.5653169708347189
0.5107224589766592	0.45663654571781487	1.1184441187768348	0.27225357224017743	mu.visitV28	0.5107224589766592	0.45663654571781487	1.1184441187768348	0.27225357224017743	mu	covariate	TRDV2*01+CACDTLVYTDKLIF+18+(DT[LV][GLV][HFY]TDKL)	RADIUS+MOTIF	0.5650264131552212
-0.48716254082726956	0.44191286034452476	-1.1023950297519451	0.27905552574882647	mu.visitV28	-0.48716254082726956	0.44191286034452476	-1.1023950297519451	0.27905552574882647	mu	covariate	TRDV2*01+CACDTVGGIPDKLIF+18+(DTVGG[GI]PDKL)	RADIUS	0.554309373332006
-0.3995862033741054	0.3644583215274011	-1.096383810635706	0.28163422108686886	mu.visitV28	-0.3995862033741054	0.3644583215274011	-1.096383810635706	0.28163422108686886	mu	covariate	TRDV2*01+CACDSMLGDTRYTDKLIF+18+(DS[LMV][LM]GDTR[Y]?TDKL)	RADIUS	0.5503145756441999
-0.7575427138378334	0.7009402598001575	-1.0807521800129067	0.28841924863266233	mu.visitV28	-0.7575427138378334	0.7009402598001575	-1.0807521800129067	0.28841924863266233	mu	covariate	TRDV2*01+CACDSVGDTSDKLIF+18+([DE][ST][LV]GD[ST]SDKL)	RADIUS+MOTIF	0.5399757588763568
-0.2939833703063849	0.27303937389049293	-1.0767068724098814	0.29019385546795584	mu.visitV28	-0.2939833703063849	0.27303937389049293	-1.0767068724098814	0.29019385546795584	mu	covariate	TRDV2*01+CACDILGDTGTDKLIF+18+(D[IV]LG[DE][T]?[GT]TDKL)	RADIUS	0.5373117875034246
-0.22483049562994406	0.21476876722645236	-1.0468491230518757	0.3035306998362449	mu.visitV28	-0.22483049562994406	0.21476876722645236	-1.0468491230518757	0.3035306998362449	mu	covariate	TRDV2*01+CACDTLLGDTDKLIF+18+(D[ST][LM]G[DE]TDKL)	RADIUS	0.5177973767626961
-0.3345654390049869	0.32405725012805797	-1.032426951943758	0.3101238519762549	mu.visitV28	-0.3345654390049869	0.32405725012805797	-1.032426951943758	0.3101238519762549	mu	covariate	TRDV2*01+CACDSLLGDNTDKLIF+18+(D[NST]LLGD[NS]TDKL)	RADIUS	0.5084648303982525
0.5818767403746713	0.5652372363199999	1.0294380889748234	0.3115025623356005	mu.visitV28	0.5818767403746713	0.5652372363199999	1.0294380889748234	0.3115025623356005	mu	covariate	TRDV2*01+CACDTAGASSWDTRQMFF+18+(DTAG[AR][LS]SWDTRQM)	RADIUS+MOTIF	0.5065383766014883
-0.43219563334032723	0.4200447035517619	-1.0289277062317916	0.311738416826084	mu.visitV28	-0.43219563334032723	0.4200447035517619	-1.0289277062317916	0.311738416826084	mu	covariate	TRDV2*01+CACDVLGETNTDKLIF+18+(D[GIV]LG[DE][MT]?[NT]TDKL)	RADIUS	0.5062096745037007
-0.4414519940667104	0.4292100495722768	-1.028522036020902	0.3119259705000508	mu.visitV28	-0.4414519940667104	0.4292100495722768	-1.028522036020902	0.3119259705000508	mu	covariate	TRDV2*01+CACDTVLGDTSSWDTRQMFF+18+(DT[V]?LGD[T]?SSWDTRQM)	EXACT	0.5059484650141892
-1.1871352777109148	1.1543331520603564	-1.0284165152772493	0.3119747687520886	mu.visitV28	-1.1871352777109148	1.1543331520603564	-1.0284165152772493	0.3119747687520886	mu	covariate	TRDV2*01+CACDTAGGSSSWDTRQMFF+18+(DTAGG[LS]SSWDTRQM)	EXACT	0.5058805285291158
-1.1782965098503102	1.154452322409069	-1.0206541118921948	0.3155790070736466	mu.visitV28	-1.1782965098503102	1.154452322409069	-1.0206541118921948	0.3155790070736466	mu	covariate	TRDV2*01+CACDPVLGDTRTDKLIF+18+(D[PS]VLGDTRTDKL)	EXACT	0.5008918946112596
0.5895589797671279	0.580645464396713	1.0153510462355475	0.31805778535341134	mu.visitV28	0.5895589797671279	0.580645464396713	1.0153510462355475	0.31805778535341134	mu	covariate	TRDV2*01+CACDTLLHTDKLIF+18+(DT[LV][ILV][HY]TDKL)	RADIUS+MOTIF	0.4974939693858469
0.41620954079600275	0.41441307864748433	1.0043349552441287	0.32324970635251205	mu.visitV28	0.41620954079600275	0.41441307864748433	1.0043349552441287	0.32324970635251205	mu	covariate	TRDV2*01+CACDSLTGGPYTDKLIF+18+(DSLTGG[KP]YTDKL)	RADIUS	0.4904618609705121
1.1563537834663813	1.153396429389159	1.0025640395633864	0.3240897312863362	mu.visitV28	1.1563537834663813	1.153396429389159	1.0025640395633864	0.3240897312863362	mu	covariate	TRDV2*01+CACDTLGDTITDKLIF+18+(DTLGDT[AIYV]TDKL)	EXACT	0.4893347292773585
-0.38947169909164875	0.3916031459656458	-0.9945571252530641	0.32790640264784043	mu.visitV28	-0.38947169909164875	0.3916031459656458	-0.9945571252530641	0.32790640264784043	mu	covariate	TRDV2*01+CACDSVMGDTRYTDKLIF+18+(D[PS][MV][LM]GD[T]?R[Y]?TDKL)	RADIUS	0.48425010328342716
-1.1418665616956334	1.1541725670667182	-0.9893378115870836	0.33041073645300456	mu.visitV28	-1.1418665616956334	1.1541725670667182	-0.9893378115870836	0.33041073645300456	mu	covariate	TRDV2*01+CACDTLGIHTDKLIF+18+(DTL[G]?[REIL][HY]TDKL)	EXACT	0.4809458490437334
0.6079554609235013	0.6183040624098736	0.9832629249660142	0.33334193016468006	mu.visitV28	0.6079554609235013	0.6183040624098736	0.9832629249660142	0.33334193016468006	mu	covariate	TRDV2*01+CACDTLGDTITDKLIF+18+(DTLGDT[AIYV]TDKL)	RADIUS+MOTIF	0.47711005419484814
0.3493901034345438	0.3579703088579209	0.9760309578446558	0.33685434843792406	mu.visitV28	0.3493901034345438	0.3579703088579209	0.9760309578446558	0.33685434843792406	mu	covariate	TRDV2*01+CACDILGDEYTDKLIF+18+(D[IL]LG[QE][FY]TDKL)	RADIUS	0.4725578419868084
0.46388642669921737	0.4818315360413728	0.9627564656942368	0.34336634553063317	mu.visitV28	0.46388642669921737	0.4818315360413728	0.9627564656942368	0.34336634553063317	mu	covariate	TRDV2*01+CACDSVLGDTRTDKLIF+18+(D[PST][LV][LM]GDTRTDKL)	RADIUS+MOTIF	0.46424227372545984
0.48981108193787487	0.5126020792985518	0.9555386170265553	0.3469424041419268	mu.visitV28	0.48981108193787487	0.5126020792985518	0.9555386170265553	0.3469424041419268	mu	covariate	TRDV2*01+CACDSVLGGDKLIF+18+(D[ST][LV]LG[GT]DKL)	RADIUS	0.4597426163891718
-1.0990409491060467	1.1538660882562985	-0.9524857002833815	0.34846243050774295	mu.visitV28	-1.0990409491060467	1.1538660882562985	-0.9524857002833815	0.34846243050774295	mu	covariate	TRDV2*01+CACDPVLGDTRYTDKLIF+18+(D[PS]V[LM]GDTR[Y]?TDKL)	EXACT	0.4578440385206653
-0.5390937208733145	0.5682425444022944	-0.9487035530582455	0.35035169284966194	mu.visitV28	-0.5390937208733145	0.5682425444022944	-0.9487035530582455	0.35035169284966194	mu	covariate	TRDV2*01+CACDTLGDSSWDTRQMFF+18+(D[RTV][LM]G[DM]SSWDTRQM)	EXACT	0.45549577971602956
-1.0799104252296376	1.1537741888865765	-0.9359807453066536	0.3567570042327657	mu.visitV28	-1.0799104252296376	1.1537741888865765	-0.9359807453066536	0.3567570042327657	mu	covariate	TRDV2*01+CACDILGDTGTDKLIF+18+(D[IV]LG[DE][T]?[GT]TDKL)	EXACT	0.4476274915986581
-0.26425490522237033	0.2854945484834484	-0.9256040321123349	0.362038216285156	mu.visitV28	-0.26425490522237033	0.2854945484834484	-0.9256040321123349	0.362038216285156	mu	covariate	TRDV2*01+CACDVLGDTDKLIF+18+(D.[LM]G[DE][ST]DKL)	RADIUS	0.44124558348411075
0.3601046458008546	0.3925367228759656	0.9173782344808566	0.36626111071684897	mu.visitV28	0.3601046458008546	0.3925367228759656	0.9173782344808566	0.36626111071684897	mu	covariate	TRDV2*01+CACDTVGGYGYTDKLIF+18+(DT[IV]GG[AG]YTDKL)	RADIUS	0.436209191894278
-0.7900420560853104	0.8635844294171181	-0.9148405519753922	0.3675703767851233	mu.visitV28	-0.7900420560853104	0.8635844294171181	-0.9148405519753922	0.3675703767851233	mu	covariate	TRDV2*01+CACDTVGLYTDKLIF+18+(DTV[G]?[ADL][HY]TDKL)	EXACT	0.4346594965165004
0.563440042304934	0.6200262821252981	0.9087357399973429	0.3707325613886914	mu.visitV28	0.563440042304934	0.6200262821252981	0.9087357399973429	0.3707325613886914	mu	covariate	TRDV2*01+CACDTLGDNADKLIF+18+(DTLG[DE][NT][A]?DKL)	RADIUS+MOTIF	0.43093926827202145
0.7837281865459597	0.8654223045777266	0.9056020192689294	0.37236264554204335	mu.visitV28	0.7837281865459597	0.8654223045777266	0.9056020192689294	0.37236264554204335	mu	covariate	TRDV2*01+CACDALGDTHSDKLIF+18+([DE]ALGDTH[ST]DKL)	RADIUS	0.4290338928052339
-0.4228998233351795	0.4721769826717171	-0.8956383704734762	0.37757644017844927	mu.visitV28	-0.4228998233351795	0.4721769826717171	-0.8956383704734762	0.37757644017844927	mu	covariate	TRDV2*01+CACDSVGDTSDKLIF+18+([DE][ST][LV]GD[ST]SDKL)	RADIUS	0.42299511241345467
0.24835274779599337	0.27921582102055736	0.8894651703053328	0.380830366457106	mu.visitV28	0.24835274779599337	0.27921582102055736	0.8894651703053328	0.380830366457106	mu	covariate	TRDV2*01+CACDSLLGDTRTDKLIF+18+(D[ST][LMV]LG[DE][KT]RTDKL)	RADIUS	0.4192684293554369
0.5703237855772527	0.6414496622518642	0.8891169785249898	0.38101443774549315	mu.visitV28	0.5703237855772527	0.6414496622518642	0.8891169785249898	0.38101443774549315	mu	covariate	TRDV2*01+CACDTVGGNTDKLIF+18+(DT[LV]G[ARG][NS]?TDKL)	EXACT	0.4190585673312085
0.6340587678959049	0.7271378290207061	0.8719925474787109	0.3901379898905474	mu.visitV28	0.6340587678959049	0.7271378290207061	0.8719925474787109	0.3901379898905474	mu	covariate	TRDV2*01+CACDLLGDNTDKLIF+18+(D[ILPV]LG[DE][NDGHI]TDKL)	EXACT	0.408781757977065
-0.4442969711312839	0.5228520077449683	-0.8497566511172293	0.40219117944068083	mu.visitV28	-0.4442969711312839	0.5228520077449683	-0.8497566511172293	0.40219117944068083	mu	covariate	TRDV2*01+CACDVLGETNTDKLIF+18+(D[GIV]LG[DE][MT]?[NT]TDKL)	RADIUS+MOTIF	0.39556745826002665
0.6170340248228908	0.7277637877789743	0.8478493093287671	0.40323589621898537	mu.visitV28	0.6170340248228908	0.7277637877789743	0.8478493093287671	0.40323589621898537	mu	covariate	TRDV2*01+CACDTVGERGTDKLIF+18+(D[ST][LV]G[DEGT]RGTDKL)	RADIUS+MOTIF	0.39444081377504875
-0.7324321351903722	0.8639092694997499	-0.8478114091940349	0.40325667272036014	mu.visitV28	-0.7324321351903722	0.8639092694997499	-0.8478114091940349	0.40325667272036014	mu	covariate	TRDV2*01+CACDPVLGDTRTDKLIF+18+(D[PS]VLGDTRTDKL)	RADIUS+MOTIF	0.39441843757407724
-0.2622326007227533	0.3094986825335163	-0.8472817996385349	0.40354707023468905	mu.visitV28	-0.2622326007227533	0.3094986825335163	-0.8472817996385349	0.40354707023468905	mu	covariate	TRDV2*01+CACDTLGDTNDKLIF+18+(DT[LMV]G[DE][NT]DKL)	RADIUS+MOTIF	0.39410580133613443
-0.19907208635245058	0.24119546808537545	-0.8253558324818335	0.41568481458343354	mu.visitV28	-0.19907208635245058	0.24119546808537545	-0.8253558324818335	0.41568481458343354	mu	covariate	TRDV2*01+CACDTVGGTDKLIF+18+(DTVG[GP][MT]DKL)	RADIUS	0.3812358404518775
-0.2660557196642386	0.3238430011858828	-0.8215577260893934	0.4178101679946792	mu.visitV28	-0.2660557196642386	0.3238430011858828	-0.8215577260893934	0.4178101679946792	mu	covariate	TRDV2*01+CACDTVLGDSSWDTRQMFF+18+(DT[V]?[QL]GDSSWDTRQM)	RADIUS	0.3790209950635916
0.47924290006436127	0.5850861448052797	0.8190980154278927	0.41919016057661274	mu.visitV28	0.47924290006436127	0.5850861448052797	0.8190980154278927	0.41919016057661274	mu	covariate	TRDV2*01+CACDKLGDSYTDKLIF+18+(D[KPS][LM]G[DE][IS]?YTDKL)	RADIUS+MOTIF	0.3775889198636264
-0.25166236090379357	0.31048328768591943	-0.8105504253690192	0.42400754566342325	mu.visitV28	-0.25166236090379357	0.31048328768591943	-0.8105504253690192	0.42400754566342325	mu	covariate	TRDV2*01+CACDTLGDTDDKLIF+18+(DT[LMV]G[DEG]T[DE]KL)	RADIUS+MOTIF	0.37262641460814555
-0.25166236090379357	0.31048328768591943	-0.8105504253690192	0.42400754566342325	mu.visitV28	-0.25166236090379357	0.31048328768591943	-0.8105504253690192	0.42400754566342325	mu	covariate	TRDV2*01+CACDTLLGDTDKLIF+18+(D[ST][LM]G[DE]TDKL)	RADIUS+MOTIF	0.37262641460814555
-0.24628506751059653	0.30450366280302366	-0.8088082266186487	0.4249935998398161	mu.visitV28	-0.24628506751059653	0.30450366280302366	-0.8088082266186487	0.4249935998398161	mu	covariate	TRDV2*01+CACDTVLGDTSSWDTRQMFF+18+(DT[V]?LGD[T]?SSWDTRQM)	RADIUS	0.3716176101265833
0.38245104340168357	0.4738891548523891	0.8070474698261718	0.42599158621904687	mu.visitV28	0.38245104340168357	0.4738891548523891	0.8070474698261718	0.42599158621904687	mu	covariate	TRDV2*01+CACDTLGDTATDKLIF+18+(DTLGDT[AIY][T]?DKL)	RADIUS+MOTIF	0.3705989785844299
-0.22384371442536508	0.28288472460244113	-0.7912895075545321	0.4349868943836227	mu.visitV28	-0.22384371442536508	0.28288472460244113	-0.7912895075545321	0.4349868943836227	mu	covariate	TRDV2*01+CACDRLGDTDKLIF+18+(D.[LM]G[DE]T[DG]KL)	RADIUS+MOTIF	0.36152382760309976
-0.22184782094783762	0.2853317557856572	-0.7775083440571925	0.44294743842004414	mu.visitV28	-0.22184782094783762	0.2853317557856572	-0.7775083440571925	0.44294743842004414	mu	covariate	TRDV2*01+CACDVLGDTDKLIF+18+(D.[LM]G[DE][ST]DKL)	RADIUS+MOTIF	0.3536478055115951
0.4913492145801782	0.642905419076802	0.7642636070570767	0.45067999003177606	mu.visitV28	0.4913492145801782	0.642905419076802	0.7642636070570767	0.45067999003177606	mu	covariate	TRDV2*01+CACDTAGASSWDTRQMFF+18+(DTAG[AR][LS]SWDTRQM)	EXACT	0.34613172396075215
-0.4909659171429133	0.6425805575084881	-0.7640534893345695	0.45080330503205224	mu.visitV28	-0.4909659171429133	0.6425805575084881	-0.7640534893345695	0.45080330503205224	mu	covariate	TRDV2*01+CACDSLLGDNTDKLIF+18+(D[NST]LLGD[NS]TDKL)	RADIUS+MOTIF	0.3460129086154582
-0.23591513196071826	0.3096556798358115	-0.7618627634597478	0.4520902048133564	mu.visitV28	-0.23591513196071826	0.3096556798358115	-0.7618627634597478	0.4520902048133564	mu	covariate	TRDV2*01+CACDILGDGTDKLIF+18+(D[ILV]LG[DE].TDKL)	RADIUS	0.3447749024803987
-0.5430790913244505	0.7258225955607146	-0.7482256609893903	0.46014996914534245	mu.visitV28	-0.5430790913244505	0.7258225955607146	-0.7482256609893903	0.46014996914534245	mu	covariate	TRDV2*01+CACDTVGLSSWDTRQMFF+18+(DT[MV]G[GLM]SSWDTRQM)	RADIUS+MOTIF	0.33710060275837883
0.6468695232441324	0.8645510219097139	0.748214398978162	0.46015665992656807	mu.visitV28	0.6468695232441324	0.8645510219097139	0.748214398978162	0.46015665992656807	mu	covariate	TRDV2*01+CACDVLGDHTDKLIF+18+(D[ILV]LG[ADE][NGHY]?TDKL)	EXACT	0.33709428797312324
-0.25917530475681544	0.35612742180911466	-0.727760034428728	0.4724026667040888	mu.visitV28	-0.25917530475681544	0.35612742180911466	-0.727760034428728	0.4724026667040888	mu	covariate	TRDV2*01+CACDTLGDTSSWDTRQMFF+18+(D[GT][LM]GD[T]?SSWDTRQM)	RADIUS	0.32568765946749445
-0.6132805791911081	0.8639697160800246	-0.7098403656712239	0.4832844962232863	mu.visitV28	-0.6132805791911081	0.8639697160800246	-0.7098403656712239	0.4832844962232863	mu	covariate	TRDV2*01+CACDILGETTTDKLIF+18+(D[IV]LG[DE]T[NGT]TDKL)	RADIUS+MOTIF	0.3157971368136851
0.5152598553671723	0.7275179591632256	0.7082434857825536	0.48426110577688686	mu.visitV28	0.5152598553671723	0.7275179591632256	0.7082434857825536	0.48426110577688686	mu	covariate	TRDV2*01+CACDTLGDTADKLIF+18+(D[KTV][LM]G[DE][NT][AND]?DKL)	EXACT	0.31492041062472614
0.22066092297795115	0.31244644851899306	0.7062359774735528	0.4854904382809322	mu.visitV28	0.22066092297795115	0.31244644851899306	0.7062359774735528	0.4854904382809322	mu	covariate	TRDV2*01+CACDTLLHTDKLIF+18+(DT[LV][ILV][HY]TDKL)	RADIUS	0.31381931908804855
-0.1956182426944339	0.2812656692520925	-0.6954927816629671	0.49209929209921344	mu.visitV28	-0.1956182426944339	0.2812656692520925	-0.6954927816629671	0.49209929209921344	mu	covariate	TRDV2*01+CACDPLGETDKLIF+18+(D.LG[DEG][PT]DKL)	RADIUS+MOTIF	0.3079472597121628
-0.2253787235636699	0.32489801873268814	-0.693690667744889	0.49321283919972003	mu.visitV28	-0.2253787235636699	0.32489801873268814	-0.693690667744889	0.49321283919972003	mu	covariate	TRDV2*01+CACDTLGDSSWDTRQMFF+18+(D[RTV][LM]G[DM]SSWDTRQM)	RADIUS	0.30696562647814424
-0.28675680354649896	0.41697973923684817	-0.6876996087899095	0.4969249574003505	mu.visitV28	-0.28675680354649896	0.41697973923684817	-0.6876996087899095	0.4969249574003505	mu	covariate	TRDV2*01+CACDTMGMSSWDTRQMFF+18+(DT[LMV]G[DLM]SSWDTRQM)	RADIUS	0.30370919083936043
0.37652624787846717	0.549827408636949	0.6848080724311206	0.498722163884912	mu.visitV28	0.37652624787846717	0.549827408636949	0.6848080724311206	0.498722163884912	mu	covariate	TRDV2*01+CACDTVLYTDKLIF+18+(DT[LV][QLV][HY]TDKL)	RADIUS+MOTIF	0.3021413307208326
-0.8308294130370404	1.2264337928380775	-0.677435192905462	0.5033210910933135	mu.visitV28	-0.8308294130370404	1.2264337928380775	-0.677435192905462	0.5033210910933135	mu	covariate	TRDV2*01+CACDILGEYTDKLIF+18+(D.LG[ADQE][GHIY]TDKL)	EXACT	0.29815487060916623
0.33080486179479784	0.4887057040086519	0.676899940150773	0.5036558758521676	mu.visitV28	0.33080486179479784	0.4887057040086519	0.676899940150773	0.5036558758521676	mu	covariate	TRDV2*01+CACDRLGDTDKLIF+18+(D.[LM]G[DE]T[DG]KL)	EXACT	0.29786609502933603
-0.43503850338732014	0.643600464203536	-0.6759449807508855	0.5042534813360959	mu.visitV28	-0.43503850338732014	0.643600464203536	-0.6759449807508855	0.5042534813360959	mu	covariate	TRDV2*01+CACDNLKYTDKLIF+18+(DNL[KT][HY]TDKL)	RADIUS	0.29735109476152916
-0.24572923276813677	0.3656270823608363	-0.6720761251641292	0.5066785942450345	mu.visitV28	-0.24572923276813677	0.3656270823608363	-0.6720761251641292	0.5066785942450345	mu	covariate	TRDV2*01+CACDKLGDIYTDKLIF+18+(D[RK]LG[DE][IS]?[SY]TDKL)	RADIUS	0.2952674430502273
-0.821784032749847	1.226252500936744	-0.6701589045666204	0.5078827477740341	mu.visitV28	-0.821784032749847	1.226252500936744	-0.6701589045666204	0.5078827477740341	mu	covariate	TRDV2*01+CACDTLGRYTDKLIF+18+(D[DST]LG.[HFY]TDKL)	EXACT	0.294236539433251
-0.3498005690267001	0.5256841493024175	-0.6654196621505237	0.5108660943494876	mu.visitV28	-0.3498005690267001	0.5256841493024175	-0.6654196621505237	0.5108660943494876	mu	covariate	TRDV2*01+CACDKLGDIYTDKLIF+18+(D[RK]LG[DE][IS]?[SY]TDKL)	RADIUS+MOTIF	0.29169292003363934
-0.3833480726219022	0.5787088277162831	-0.6624196042328938	0.5127595887476677	mu.visitV28	-0.3833480726219022	0.5787088277162831	-0.6624196042328938	0.5127595887476677	mu	covariate	TRDV2*01+CACDVLGDSSWDTRQMFF+18+(D[RTV]LGDSSWDTRQM)	EXACT	0.29008620945542635
-0.20698483870231787	0.3138343495959459	-0.6595353216396033	0.5145836283414182	mu.visitV28	-0.20698483870231787	0.3138343495959459	-0.6595353216396033	0.5145836283414182	mu	covariate	TRDV2*01+CACDTLGDTDKLIF+18+(D.[LM][GS][NDEF][NST]DKL)	EXACT	0.28854403513711013
-0.3114680899062522	0.47323200074234234	-0.6581720792711887	0.5154469836121416	mu.visitV28	-0.3114680899062522	0.47323200074234234	-0.6581720792711887	0.5154469836121416	mu	covariate	TRDV2*01+CACDTVGGTDKLIF+18+(DTVG[GP][MT]DKL)	EXACT	0.28781599751676484
0.7912682713390811	1.2242671866923662	0.6463199209617556	0.5229862486937322	mu.visitV28	0.7912682713390811	1.2242671866923662	0.6463199209617556	0.5229862486937322	mu	covariate	TRDV2*01+CACDTLGGLYTDKLIF+18+(DTLG[EG]LYTDKL)	EXACT	0.2815097302435197
0.5877420639326011	0.9122499293976185	0.6442774562018349	0.5242914641813121	mu.visitV28	0.5877420639326011	0.9122499293976185	0.6442774562018349	0.5242914641813121	mu	covariate	TRDV2*01+CACDTLGGLYTDKLIF+18+(DTLG[EG]LYTDKL)	RADIUS+MOTIF	0.28042721283583083
0.788326613054427	1.2239680028243696	0.6440745274674848	0.5244212393600511	mu.visitV28	0.788326613054427	1.2239680028243696	0.6440745274674848	0.5244212393600511	mu	covariate	TRDV2*01+CACDTLLHTDKLIF+18+(DT[LV][ILV][HY]TDKL)	EXACT	0.28031972745091704
0.7874212034017889	1.2241132418711398	0.6432584637334389	0.5249432957121785	mu.visitV28	0.7874212034017889	1.2241132418711398	0.6432584637334389	0.5249432957121785	mu	covariate	TRDV2*01+CACDTVGGRGTDKLIF+18+(DT[IV]G[EGT]R[GT]TDKL)	RADIUS+MOTIF	0.27988760647846384
0.38528499935291133	0.6005126084279987	0.6415935218437747	0.5260092669401115	mu.visitV28	0.38528499935291133	0.6005126084279987	0.6415935218437747	0.5260092669401115	mu	covariate	TRDV2*01+CACDVLLGDTGTDKLIF+18+(D[ITV][L]?LGDTGTDKL)	RADIUS+MOTIF	0.27900660461906907
0.7846730249469828	1.2242063822146527	0.6409646578769411	0.5264121964000106	mu.visitV28	0.7846730249469828	1.2242063822146527	0.6409646578769411	0.5264121964000106	mu	covariate	TRDV2*01+CACDPVGRGYTDKLIF+18+(D[PT]VG[R]?GYTDKL)	RADIUS+MOTIF	0.2786740571451224
0.7764401592001524	1.2239309463837587	0.6343823248315046	0.53063958853195	mu.visitV28	0.7764401592001524	1.2239309463837587	0.6343823248315046	0.53063958853195	mu	covariate	TRDV2*01+CACDTVGDHTDKLIF+18+(DTVG[ADL][HY]TDKL)	EXACT	0.27520035246976765
0.7714837130028954	1.2237518821359215	0.6304249450112038	0.533189837726755	mu.visitV28	0.7714837130028954	1.2237518821359215	0.6304249450112038	0.533189837726755	mu	covariate	TRDV2*01+CACDTVGVLTYTDKLIF+18+(DTVGVL[KT]YTDKL)	RADIUS	0.2731181365673535
-0.24633375192883014	0.39534471473331095	-0.6230859873642179	0.5379364511810489	mu.visitV28	-0.24633375192883014	0.39534471473331095	-0.6230859873642179	0.5379364511810489	mu	covariate	TRDV2*01+CACDTVLGDSSWDTRQMFF+18+(DT[V]?[QL]GDSSWDTRQM)	RADIUS+MOTIF	0.2692690264368228
0.7536024696835025	1.223841487374959	0.6157680365125706	0.542691576918939	mu.visitV28	0.7536024696835025	1.223841487374959	0.6157680365125706	0.542691576918939	mu	covariate	TRDV2*01+CACDPLVLGDTSTDKLIF+18+(DPLVLGDT[LS]TDKL)	RADIUS+MOTIF	0.2654469190249348
0.7526568558862874	1.2244475235374255	0.6146909862758869	0.5433932863699192	mu.visitV28	0.7526568558862874	1.2244475235374255	0.6146909862758869	0.5433932863699192	mu	covariate	TRDV2*01+CACDALGDTHSDKLIF+18+([DE]ALGDTH[ST]DKL)	RADIUS+MOTIF	0.26488573159812295
-0.11500392858945782	0.1885306381550708	-0.6100012693685598	0.5464542075259073	mu.visitV28	-0.11500392858945782	0.1885306381550708	-0.6100012693685598	0.5464542075259073	mu	covariate	TRDV2*01+CACDTVGLYTDKLIF+18+(DTV[G]?[ADL][HY]TDKL)	RADIUS	0.26244622575831067
-0.3267722981349271	0.5372694479395622	-0.6082093433529574	0.5476261414314474	mu.visitV28	-0.3267722981349271	0.5372694479395622	-0.6082093433529574	0.5476261414314474	mu	covariate	TRDV2*01+CACDTMGMSSWDTRQMFF+18+(DT[LMV]G[DLM]SSWDTRQM)	RADIUS+MOTIF	0.2615158286015108
-0.2192697287643181	0.3609502091726977	-0.6074791569365953	0.5481040633809768	mu.visitV28	-0.2192697287643181	0.3609502091726977	-0.6074791569365953	0.5481040633809768	mu	covariate	TRDV2*01+CACDTVLGDTSSWDTRQMFF+18+(DT[V]?LGD[T]?SSWDTRQM)	RADIUS+MOTIF	0.2611369782646092
0.7411379159740921	1.2248682279024088	0.6050756310687342	0.5496787482351342	mu.visitV28	0.7411379159740921	1.2248682279024088	0.6050756310687342	0.5496787482351342	mu	covariate	TRDV2*01+CACDVLGDSDKLIF+18+(D[TV]LG[DE][ST]DKL)	EXACT	0.25989105347019137
-0.23972609173549553	0.3972109506255582	-0.6035233705363775	0.5506969651018672	mu.visitV28	-0.23972609173549553	0.3972109506255582	-0.6035233705363775	0.5506969651018672	mu	covariate	TRDV2*01+CACDTLGAVTDKLIF+18+(DTLGA[IV]TDKL)	RADIUS	0.2590873169146573
0.1716604882291	0.28573765795167927	0.6007625647233704	0.5525103427941895	mu.visitV28	0.1716604882291	0.28573765795167927	0.6007625647233704	0.5525103427941895	mu	covariate	TRDV2*01+CACDTVLYTDKLIF+18+(DT[LV][QLV][HY]TDKL)	RADIUS	0.2576595877308135
0.28146059366116344	0.47147361899744583	0.596980578170352	0.5549994491310571	mu.visitV28	0.28146059366116344	0.47147361899744583	0.596980578170352	0.5549994491310571	mu	covariate	TRDV2*01+CACDYLLGEHTDKLIF+18+(D[FPY]LLG[ET][HY]TDKL)	RADIUS	0.2557074479394154
0.7288772266261063	1.2242671109306518	0.5953580065317897	0.556069103761197	mu.visitV28	0.7288772266261063	1.2242671109306518	0.5953580065317897	0.556069103761197	mu	covariate	TRDV2*01+CACDTLGDRSDKLIF+18+(D[LT]LG[DE][RK]?SDKL)	EXACT	0.25487123446595744
0.727263627776965	1.2245957402303902	0.5938805794311686	0.5570439925530406	mu.visitV28	0.727263627776965	1.2245957402303902	0.5938805794311686	0.5570439925530406	mu	covariate	TRDV2*01+CACDTLLGEMYTDKLIF+18+(DT[L]?LGE[QLM]YTDKL)	EXACT	0.2541105050622258
0.722091999036607	1.2244261719829517	0.5897391084569704	0.5597814206443426	mu.visitV28	0.722091999036607	1.2244261719829517	0.5897391084569704	0.5597814206443426	mu	covariate	TRDV2*01+CACDTLLGDTGYTDKLIF+18+(DTLLGDTG[Y]?TDKL)	EXACT	0.2519815200276681
-0.7162306388768658	1.2243496578214026	-0.5849886380916057	0.5629298034284438	mu.visitV28	-0.7162306388768658	1.2243496578214026	-0.5849886380916057	0.5629298034284438	mu	covariate	TRDV2*01+CACDLLGDKSDKLIF+18+(D[LT]LGD[RKM]SDKL)	EXACT	0.24954575769639176
-0.2923591973559464	0.5066771822876583	-0.5770127560036123	0.568235942019244	mu.visitV28	-0.2923591973559464	0.5066771822876583	-0.5770127560036123	0.568235942019244	mu	covariate	TRDV2*01+CACDDLGRYTDKLIF+18+([DE][DT]LGR[HY]TDKL)	RADIUS	0.24547129978071278
0.5220865026941401	0.9108127448258054	0.573209483134747	0.5707749784666118	mu.visitV28	0.5220865026941401	0.9108127448258054	0.573209483134747	0.5707749784666118	mu	covariate	TRDV2*01+CACDYVLGDPYTDKLIF+18+(D[AY]VLGDPYTDKL)	RADIUS+MOTIF	0.24353507366541852
-0.6984186575682344	1.224059200134779	-0.5705758818620315	0.5725364714241309	mu.visitV28	-0.6984186575682344	1.224059200134779	-0.5705758818620315	0.5725364714241309	mu	covariate	TRDV2*01+CACDKLGDSYTDKLIF+18+(D[KPS][LM]G[DE][IS]?YTDKL)	EXACT	0.2421968429029359
-0.6863865570030293	1.2243820001530437	-0.5605983728258283	0.5792344556940684	mu.visitV28	-0.6863865570030293	1.2243820001530437	-0.5605983728258283	0.5792344556940684	mu	covariate	TRDV2*01+CACDPLGETDKLIF+18+(D.LG[DEG][PT]DKL)	EXACT	0.2371456120858892
-0.17002567692416065	0.3063864284456694	-0.5549386694009876	0.5830509688221395	mu.visitV28	-0.17002567692416065	0.3063864284456694	-0.5549386694009876	0.5830509688221395	mu	covariate	TRDV2*01+CACDTMGNTDKLIF+18+(DT[LMW]G[NDEF]TDKL)	RADIUS+MOTIF	0.23429347867038097
0.1782789376648938	0.32300486157501423	0.5519388680268843	0.58507881237628	mu.visitV28	0.1782789376648938	0.32300486157501423	0.5519388680268843	0.58507881237628	mu	covariate	TRDV2*01+CACDTLGDTATDKLIF+18+(DTLGDT[AIY][T]?DKL)	RADIUS	0.23278562883283926
-0.6555045836637947	1.2246407791793288	-0.5352627438252296	0.5964140688042106	mu.visitV28	-0.6555045836637947	1.2246407791793288	-0.5352627438252296	0.5964140688042106	mu	covariate	TRDV2*01+CACDTLVYTDKLIF+18+(DT[LV][GLV][HFY]TDKL)	EXACT	0.2244521205309635
-0.1822461519841156	0.34605915297717627	-0.5266329482004347	0.6023209874600093	mu.visitV28	-0.1822461519841156	0.34605915297717627	-0.5266329482004347	0.6023209874600093	mu	covariate	TRDV2*01+CACDTLGIHTDKLIF+18+(DTL[G]?[REIL][HY]TDKL)	RADIUS	0.22017200387363178
-0.16513479738978995	0.31423731135866895	-0.5255098341944057	0.6030917687944268	mu.visitV28	-0.16513479738978995	0.31423731135866895	-0.5255098341944057	0.6030917687944268	mu	covariate	TRDV2*01+CACDVLGDTADKLIF+18+(D[KTV]LGDT[AY]?DKL)	RADIUS	0.2196165988902718
0.1636840327679674	0.3198870433547221	0.5116932247438933	0.6126118700508554	mu.visitV28	0.1636840327679674	0.3198870433547221	0.5116932247438933	0.6126118700508554	mu	covariate	TRDV2*01+CACDTVGRGYTDKLIF+18+(D[PT]VG[RG]GYTDKL)	RADIUS	0.2128145924990133
0.46024485925014247	0.9110936894661023	0.5051564559950408	0.6171401150725941	mu.visitV28	0.46024485925014247	0.9110936894661023	0.5051564559950408	0.6171401150725941	mu	covariate	TRDV2*01+CACDVLGDTADKLIF+18+(D[KTV]LGDT[AY]?DKL)	EXACT	0.20961622284758752
-0.4603155848158489	0.9113279090911133	-0.5051042333104134	0.6171763535095687	mu.visitV28	-0.4603155848158489	0.9113279090911133	-0.5051042333104134	0.6171763535095687	mu	covariate	TRDV2*01+CACDTVGLSSWDTRQMFF+18+(DT[MV]G[GLM]SSWDTRQM)	EXACT	0.2095907218458332
-0.2363903262074126	0.46994983949643254	-0.5030118245400679	0.6186291256940053	mu.visitV28	-0.2363903262074126	0.46994983949643254	-0.5030118245400679	0.6186291256940053	mu	covariate	TRDV2*01+CACDSVLGAPYTDKLIF+18+(DSVLGA[PS]YTDKL)	RADIUS	0.208569636821659
0.4554132976169673	0.9122553325899124	0.4992169202497717	0.6212679474927095	mu.visitV28	0.4554132976169673	0.9122553325899124	0.4992169202497717	0.6212679474927095	mu	covariate	TRDV2*01+CACDTVGGIPDKLIF+18+(DTVGG[GI]PDKL)	RADIUS+MOTIF	0.20672105196571644
-0.1254742406320789	0.2514241166566884	-0.49905411740358213	0.6213812688811832	mu.visitV28	-0.1254742406320789	0.2514241166566884	-0.49905411740358213	0.6213812688811832	mu	covariate	TRDV2*01+CACDTLGELYTDKLIF+18+(DTLG[DEG][LMT]?YTDKL)	RADIUS	0.20664184239766833
0.1511277990827665	0.3028342769687916	0.49904456191509944	0.621387920416954	mu.visitV28	0.1511277990827665	0.3028342769687916	0.49904456191509944	0.621387920416954	mu	covariate	TRDV2*01+CACDTLVYTDKLIF+18+(DT[LV][GLV][HFY]TDKL)	RADIUS	0.20663719354524046
0.4549334922064206	0.9129039310564708	0.4983366559501419	0.6218807811900312	mu.visitV28	0.4549334922064206	0.9129039310564708	0.4983366559501419	0.6218807811900312	mu	covariate	TRDV2*01+CACDVLGDNTDKLIF+18+(D[ILPV]LG[DE][NDGH]?TDKL)	EXACT	0.206292864559833
-0.26093317570628544	0.5315798773187778	-0.4908635312201802	0.6270945818139971	mu.visitV28	-0.26093317570628544	0.5315798773187778	-0.4908635312201802	0.6270945818139971	mu	covariate	TRDV2*01+CACDSVMGDTRYTDKLIF+18+(D[PS][MV][LM]GD[T]?R[Y]?TDKL)	RADIUS+MOTIF	0.20266695157427295
-0.11697224710911236	0.23849475168517778	-0.49046046624757683	0.6273763497988483	mu.visitV28	-0.11697224710911236	0.23849475168517778	-0.49046046624757683	0.6273763497988483	mu	covariate	TRDV2*01+CACDTVGDHTDKLIF+18+(DTVG[ADL][HY]TDKL)	RADIUS	0.20247185692525085
-0.440462963640018	0.9117958249389452	-0.48307192421012884	0.6325514917768771	mu.visitV28	-0.440462963640018	0.9117958249389452	-0.48307192421012884	0.6325514917768771	mu	covariate	TRDV2*01+CACDTIGTGGQYTDKLIF+18+(DT[IV]GTGG[QY]YTDKL)	RADIUS+MOTIF	0.19890411571049713
0.4387150901339701	0.9103024086447344	0.4819443362641791	0.6333429601680375	mu.visitV28	0.4387150901339701	0.9103024086447344	0.4819443362641791	0.6333429601680375	mu	covariate	TRDV2*01+CACDTLGDTDDKLIF+18+(DT[LMV]G[DEG]T[DE]KL)	EXACT	0.19836105242565147
0.2390940889006612	0.5038063225722624	0.4745754036589472	0.6385261349680167	mu.visitV28	0.2390940889006612	0.5038063225722624	0.4745754036589472	0.6385261349680167	mu	covariate	TRDV2*01+CACDTVGGGYTDKLIF+18+(DTVG[RG][GT]YTDKL)	RADIUS+MOTIF	0.19482132230016333
-0.16880221904804998	0.3588165834123318	-0.4704415204078569	0.6414420026834899	mu.visitV28	-0.16880221904804998	0.3588165834123318	-0.4704415204078569	0.6414420026834899	mu	covariate	TRDV2*01+CACDTLLGDTRSTDKLIF+18+(DT[LV]LGDTR[NS]?TDKL)	RADIUS	0.19284260515530383
-0.4282610432322371	0.9123489130195083	-0.46940489227401516	0.6421741112833772	mu.visitV28	-0.4282610432322371	0.9123489130195083	-0.46940489227401516	0.6421741112833772	mu	covariate	TRDV2*01+CACESLGDTSDKLIF+18+([DE]S[LV]GDT[RS]DKL)	RADIUS+MOTIF	0.19234720663840837
-0.1558839847589061	0.3333600775662901	-0.46761443630846256	0.6434394640340884	mu.visitV28	-0.1558839847589061	0.3333600775662901	-0.46761443630846256	0.6434394640340884	mu	covariate	TRDV2*01+CACDVLGDHTDKLIF+18+(D[ILV]LG[ADE][NGHY]?TDKL)	RADIUS+MOTIF	0.1914923060597337
0.42262451818719615	0.9111988396781526	0.4638115192689146	0.6461306684445922	mu.visitV28	0.42262451818719615	0.9111988396781526	0.4638115192689146	0.6461306684445922	mu	covariate	TRDV2*01+CACDTVGANTDKLIF+18+(DTVG[ARG][NY]TDKL)	EXACT	0.1896796447822192
-0.1218036938025055	0.2669362532023372	-0.45630255291767546	0.651458812591641	mu.visitV28	-0.1218036938025055	0.2669362532023372	-0.45630255291767546	0.651458812591641	mu	covariate	TRDV2*01+CACDTLGDTDDKLIF+18+(DT[LMV]G[DEG]T[DE]KL)	RADIUS	0.18611303663537965
-0.1605079199681529	0.35432915421509553	-0.4529910058451373	0.6538145676559762	mu.visitV28	-0.1605079199681529	0.35432915421509553	-0.4529910058451373	0.6538145676559762	mu	covariate	TRDV2*01+CACDTLGDRSDKLIF+18+(D[LT]LG[DE][RK]?SDKL)	RADIUS	0.18454540712346554
0.30706108543434035	0.6881937971589445	0.4461840352266672	0.6586682586659506	mu.visitV28	0.30706108543434035	0.6881937971589445	0.4461840352266672	0.6586682586659506	mu	covariate	TRDV2*01+CACDPLLGEYTDKLIF+18+(D[PY][L]?LGE[HY]TDKL)	RADIUS+MOTIF	0.1813332647782728
0.3346353502156877	0.7555639959165877	0.4428947806197882	0.6610190947548862	mu.visitV28	0.3346353502156877	0.7555639959165877	0.4428947806197882	0.6610190947548862	mu	covariate	TRDV2*01+CACDTVGGTYTDKLIF+18+(DTVG[DG][GT][HY]TDKL)	EXACT	0.1797859949365934
-0.14275959974853472	0.32655597995469915	-0.43716731130858105	0.665120912404498	mu.visitV28	-0.14275959974853472	0.32655597995469915	-0.43716731130858105	0.665120912404498	mu	covariate	TRDV2*01+CACDTVGAYTDKLIF+18+(DTVG[ADL][NHY]TDKL)	RADIUS	0.17709939707774655
0.2893590720437448	0.6666110479389329	0.4340748220996368	0.6673400442113611	mu.visitV28	0.2893590720437448	0.6666110479389329	0.4340748220996368	0.6673400442113611	mu	covariate	TRDV2*01+CACDPTGGNWDTRQMFF+18+(DPTGG[NS]WDTRQM)	RADIUS	0.1756528142197565
0.16356352885967446	0.38284077353352597	0.42723643918599213	0.6722580263961414	mu.visitV28	0.16356352885967446	0.38284077353352597	0.42723643918599213	0.6722580263961414	mu	covariate	TRDV2*01+CACDTLGDTYTDKLIF+18+(DT[LV]G[DE][LT]?[AHIY]TDKL)	RADIUS+MOTIF	0.17246400383319288
0.28455766190410536	0.6665886474107026	0.42688645090107874	0.6725101277939443	mu.visitV28	0.28455766190410536	0.6665886474107026	0.42688645090107874	0.6725101277939443	mu	covariate	TRDV2*01+CACDPTGGNWDTRQMFF+18+(DPTGG[NS]WDTRQM)	RADIUS+MOTIF	0.17230117093610597
0.15505006657365716	0.36430795953413075	0.4256016442021522	0.673435923321401	mu.visitV28	0.15505006657365716	0.36430795953413075	0.4256016442021522	0.673435923321401	mu	covariate	TRDV2*01+CACDKLGEYTDKLIF+18+(D.LG[DQET]YTDKL)	RADIUS	0.17170372061182096
-0.10836922469061734	0.2591100436924057	-0.41823629507493904	0.6787531853244722	mu.visitV28	-0.10836922469061734	0.2591100436924057	-0.41823629507493904	0.6787531853244722	mu	covariate	TRDV2*01+CACDTMGNTDKLIF+18+(DT[LMW]G[NDEF]TDKL)	RADIUS	0.16828811929540557
-0.20119143926164812	0.48260322262702976	-0.4168878901522274	0.6797284707591571	mu.visitV28	-0.20119143926164812	0.48260322262702976	-0.4168878901522274	0.6797284707591571	mu	covariate	TRDV2*01+CACDTLGDTSSWDTRQMFF+18+(D[GT][LM]GD[T]?SSWDTRQM)	RADIUS+MOTIF	0.1676645390601669
-0.1707747314550236	0.4134183068359531	-0.41307975150405724	0.6824858903284107	mu.visitV28	-0.1707747314550236	0.4134183068359531	-0.41307975150405724	0.6824858903284107	mu	covariate	TRDV2*01+CACDTVLGDSSWDTRQMFF+18+(DT[V]?[QL]GDSSWDTRQM)	EXACT	0.1659063227719751
-0.1325156311585517	0.32416368476695706	-0.4087923397521159	0.6855956809324546	mu.visitV28	-0.1325156311585517	0.32416368476695706	-0.4087923397521159	0.6855956809324546	mu	covariate	TRDV2*01+CACDTLGDTADKLIF+18+(D[KTV][LM]G[DE][NT][AND]?DKL)	RADIUS+MOTIF	0.16393192701413228
0.2706950369644183	0.6658223853624311	0.4065574287008528	0.6872189559190451	mu.visitV28	0.2706950369644183	0.6658223853624311	0.4065574287008528	0.6872189559190451	mu	covariate	TRDV2*01+CACDILGDEYTDKLIF+18+(D[IL]LG[QE][FY]TDKL)	RADIUS+MOTIF	0.16290486964028958
-0.17182829748586115	0.4242912448479459	-0.4049772404505768	0.6883676039835085	mu.visitV28	-0.17182829748586115	0.4242912448479459	-0.4049772404505768	0.6883676039835085	mu	covariate	TRDV2*01+CACDTVGDTHTDKLIF+18+(DT[LV]G[DG][T]?[HY]TDKL)	RADIUS+MOTIF	0.16217957666850502
0.24166211638150759	0.5968755752486943	0.4048785482314578	0.6884393690313069	mu.visitV28	0.24166211638150759	0.5968755752486943	0.4048785482314578	0.6884393690313069	mu	covariate	TRDV2*01+CACDPLVLGDTSTDKLIF+18+(DPLVLGDT[LS]TDKL)	RADIUS	0.16213430210948337
0.16095903614846435	0.39916493647713247	0.4032394166908131	0.6896317106520783	mu.visitV28	0.16095903614846435	0.39916493647713247	0.4032394166908131	0.6896317106520783	mu	covariate	TRDV2*01+CACDTVGGRGTDKLIF+18+(DT[IV]G[EGT]R[GT]TDKL)	RADIUS	0.16138277699108192
-0.1115308315151329	0.27665679625318873	-0.4031378698286629	0.6897056048335598	mu.visitV28	-0.1115308315151329	0.27665679625318873	-0.4031378698286629	0.6897056048335598	mu	covariate	TRDV2*01+CACDTLGFTDKLIF+18+(DT[LM][GV].TDKL)	RADIUS+MOTIF	0.16133624473978617
-0.11388784276447987	0.285501644236034	-0.3989043322998339	0.6927890477797238	mu.visitV28	-0.11388784276447987	0.285501644236034	-0.3989043322998339	0.6927890477797238	mu	covariate	TRDV2*01+CACDTLGDTADKLIF+18+(D[KTV][LM]G[DE][NT][AND]?DKL)	RADIUS	0.15939898664663893
0.2631019185325427	0.6638010824578936	0.3963565674800355	0.6946472647669917	mu.visitV28	0.2631019185325427	0.6638010824578936	0.3963565674800355	0.6946472647669917	mu	covariate	TRDV2*01+CACDTLGDRGTDKLIF+18+(D[ET][LV]G[DE][RK]GTDKL)	RADIUS+MOTIF	0.15823567001872016
-0.10240015982440194	0.26336639672903916	-0.3888125482073361	0.7001607874762478	mu.visitV28	-0.10240015982440194	0.26336639672903916	-0.3888125482073361	0.7001607874762478	mu	covariate	TRDV2*01+CACDTLGDTDKLIF+18+(D.[LM][GS][NDEF][NST]DKL)	RADIUS+MOTIF	0.15480221556406662
-0.1133151560196019	0.29336744049887015	-0.3862567564652367	0.7020324697701585	mu.visitV28	-0.1133151560196019	0.29336744049887015	-0.3862567564652367	0.7020324697701585	mu	covariate	TRDV2*01+CACDTVGANTDKLIF+18+(DTVG[ARG][NY]TDKL)	RADIUS	0.1536428008105082
-0.20136093644857078	0.5229388461760025	-0.3850563749872961	0.7029122014944653	mu.visitV28	-0.20136093644857078	0.5229388461760025	-0.3850563749872961	0.7029122014944653	mu	covariate	TRDV2*01+CACDILGETTTDKLIF+18+(D[IV]LG[DE]T[NGT]TDKL)	RADIUS	0.153098917921495
-0.14925185793439466	0.38798611756862433	-0.38468350071313057	0.7031855575780229	mu.visitV28	-0.14925185793439466	0.38798611756862433	-0.38468350071313057	0.7031855575780229	mu	covariate	TRDV2*01+CACDPLGEYTDKLIF+18+(D[IKPST]LG[DQE][NTY]?TDKL)	RADIUS+MOTIF	0.15293005762794376
-0.3504513655541316	0.913388014798761	-0.38368290351537354	0.7039192998097732	mu.visitV28	-0.3504513655541316	0.913388014798761	-0.38368290351537354	0.7039192998097732	mu	covariate	TRDV2*01+CACDKLGDTADKLIF+18+(D[RKTV]L[RG]D[AIT][AG]?DKL)	EXACT	0.15247712730139654
0.28886121923110153	0.760386166091607	0.3798875257237402	0.706705094963204	mu.visitV28	0.28886121923110153	0.760386166091607	0.3798875257237402	0.706705094963204	mu	covariate	TRDV2*01+CACDTVLGDTVTDKLIF+18+(DT[V]?LGDT[IV]?[PT]DKL)	RADIUS+MOTIF	0.1507617776446255
-0.13212203046129808	0.35614200963429354	-0.37098131331647266	0.7132583959919381	mu.visitV28	-0.13212203046129808	0.35614200963429354	-0.37098131331647266	0.7132583959919381	mu	covariate	TRDV2*01+CACDKLGDTADKLIF+18+(D[RKTV]L[RG]D[AIT][AG]?DKL)	RADIUS+MOTIF	0.14675310742201444
0.15191569126100388	0.4119674293028193	0.3687565580562857	0.714898898648797	mu.visitV28	0.15191569126100388	0.4119674293028193	0.3687565580562857	0.714898898648797	mu	covariate	TRDV2*01+CACDPLGDSYTDKLIF+18+(D[KPS][LM]G[DE]YTDKL)	RADIUS	0.14575537199405567
-0.08525034652599707	0.2344518797357275	-0.36361553860046103	0.7186950990761283	mu.visitV28	-0.08525034652599707	0.2344518797357275	-0.36361553860046103	0.7186950990761283	mu	covariate	TRDV2*01+CACDTVGGGYTDKLIF+18+(DTVG[RG][GT]YTDKL)	RADIUS	0.1434553166730293
-0.23849671147935275	0.6668408093223074	-0.35765164360851076	0.7231080723275316	mu.visitV28	-0.23849671147935275	0.6668408093223074	-0.35765164360851076	0.7231080723275316	mu	covariate	TRDV2*01+CACDLLGDKSDKLIF+18+(D[LT]LGD[RKM]SDKL)	RADIUS+MOTIF	0.140796790246326
-0.23529017377172612	0.6653734148407867	-0.353621242634149	0.7260958590622493	mu.visitV28	-0.23529017377172612	0.6653734148407867	-0.353621242634149	0.7260958590622493	mu	covariate	TRDV2*01+CACDTAGGSSSWDTRQMFF+18+(DTAGG[LS]SSWDTRQM)	RADIUS+MOTIF	0.1390060400249873
-0.2684006568365193	0.7600326467914759	-0.3531435892518421	0.7264502409840773	mu.visitV28	-0.2684006568365193	0.7600326467914759	-0.3531435892518421	0.7264502409840773	mu	covariate	TRDV2*01+CACDPVGRGYTDKLIF+18+(D[PT]VG[R]?GYTDKL)	RADIUS	0.13879412783000097
0.23256181917510985	0.6697149693936003	0.34725492157609245	0.7308242096167966	mu.visitV28	0.23256181917510985	0.6697149693936003	0.34725492157609245	0.7308242096167966	mu	covariate	TRDV2*01+CACDTLGDTSSWDTRQMFF+18+(D[GT][LM]GD[T]?SSWDTRQM)	EXACT	0.1361870744437002
0.20211312199462983	0.6014556761221657	0.33603992782599873	0.739179825835653	mu.visitV28	0.20211312199462983	0.6014556761221657	0.33603992782599873	0.739179825835653	mu	covariate	TRDV2*01+CACDTWGNTDKLIF+18+(D[ST][MW]G[NH]?TDKL)	EXACT	0.13124989466648654
0.19946238649824147	0.5958976889346549	0.33472589372655576	0.7401609775239497	mu.visitV28	0.19946238649824147	0.5958976889346549	0.33472589372655576	0.7401609775239497	mu	covariate	TRDV2*01+CACDTGGFSSWDTRQMFF+18+(DTGG[FP]SSWDTRQM)	EXACT	0.13067381534027747
-0.12138807423967338	0.37540323946014537	-0.3233538272451709	0.7486705749207703	mu.visitV28	-0.12138807423967338	0.37540323946014537	-0.3233538272451709	0.7486705749207703	mu	covariate	TRDV2*01+CACDPVLGDTRTDKLIF+18+(D[PS]VLGDTRTDKL)	RADIUS	0.12570923565874598
0.11841151777230471	0.3666954882134891	0.32291512052465143	0.7489995077071167	mu.visitV28	0.11841151777230471	0.3666954882134891	0.32291512052465143	0.7489995077071167	mu	covariate	TRDV2*01+CACDTLGDNADKLIF+18+(DTLG[DE][NT][A]?DKL)	RADIUS	0.1255184677480008
-0.12744007663663104	0.4007621669329559	-0.31799427977928535	0.7526923218443904	mu.visitV28	-0.12744007663663104	0.4007621669329559	-0.31799427977928535	0.7526923218443904	mu	covariate	TRDV2*01+CACDTVGLSSWDTRQMFF+18+(DT[MV]G[GLM]SSWDTRQM)	RADIUS	0.12338251414723399
-0.0826878325143435	0.26086058475734125	-0.3169809367377663	0.7534535210063703	mu.visitV28	-0.0826878325143435	0.26086058475734125	-0.3169809367377663	0.7534535210063703	mu	covariate	TRDV2*01+CACDTLGGLYTDKLIF+18+(DTLG[EG]LYTDKL)	RADIUS	0.12294353325385914
-0.09659260003204319	0.30498830492385204	-0.3167091933448397	0.7536576910267172	mu.visitV28	-0.09659260003204319	0.30498830492385204	-0.3167091933448397	0.7536576910267172	mu	covariate	TRDV2*01+CACDVLGDHTDKLIF+18+(D[ILV]LG[ADE][NGHY]?TDKL)	RADIUS	0.12282586454694326
-0.11213919927827114	0.36240842821228625	-0.30942768034242263	0.7591352336964639	mu.visitV28	-0.11213919927827114	0.36240842821228625	-0.30942768034242263	0.7591352336964639	mu	covariate	TRDV2*01+CACDTVLGDTVTDKLIF+18+(DT[V]?LGDT[IV]?[PT]DKL)	RADIUS	0.11968085122364135
0.09590783500294646	0.3135089820989304	0.3059173436143591	0.7617804595654488	mu.visitV28	0.09590783500294646	0.3135089820989304	0.3059173436143591	0.7617804595654488	mu	covariate	TRDV2*01+CACDTLLGDTRTDKLIF+18+(D[ST][LV]LGDT[RG]TDKL)	RADIUS	0.11817017162222372
-0.08759826182717292	0.2977216282904757	-0.2942287476061585	0.7706093757754238	mu.visitV28	-0.08759826182717292	0.2977216282904757	-0.2942287476061585	0.7706093757754238	mu	covariate	TRDV2*01+CACDTLGENDKLIF+18+(DT[LM]G[DEG][ANST]DKL)	RADIUS+MOTIF	0.11316571135888666
-0.0935946748726642	0.3234011725077313	-0.2894073455173595	0.7742603895376412	mu.visitV28	-0.0935946748726642	0.3234011725077313	-0.2894073455173595	0.7742603895376412	mu	covariate	TRDV2*01+CACDTLGFTDKLIF+18+(DT[LM][GV].TDKL)	RADIUS	0.11111295828167783
-0.19736906203161786	0.68827278563662	-0.2867599390103166	0.7762673813131464	mu.visitV28	-0.19736906203161786	0.68827278563662	-0.2867599390103166	0.7762673813131464	mu	covariate	TRDV2*01+CACDPLGDSYTDKLIF+18+(D[KPS][LM]G[DE]YTDKL)	RADIUS+MOTIF	0.1099886624689839
-0.08570536797387303	0.3023421571669919	-0.28347144432966254	0.7787625661811537	mu.visitV28	-0.08570536797387303	0.3023421571669919	-0.28347144432966254	0.7787625661811537	mu	covariate	TRDV2*01+CACDTLGESDKLIF+18+(D[TV][LV]G[DE][ANST]DKL)	RADIUS+MOTIF	0.10859493246233715
-0.1246114844429635	0.44342149487650223	-0.2810226519976646	0.7806221760687935	mu.visitV28	-0.1246114844429635	0.44342149487650223	-0.2810226519976646	0.7806221760687935	mu	covariate	TRDV2*01+CACDTLGIHTDKLIF+18+(DTL[G]?[REIL][HY]TDKL)	RADIUS+MOTIF	0.10755911535619576
-0.07487215380775838	0.2702096828547053	-0.277089085101432	0.783612079347583	mu.visitV28	-0.07487215380775838	0.2702096828547053	-0.277089085101432	0.783612079347583	mu	covariate	TRDV2*01+CACDTLGDTYTDKLIF+18+(DT[LV]G[DE][LT]?[AHIY]TDKL)	RADIUS	0.10589887799434221
-0.11304971982039579	0.408306800410613	-0.2768744476131858	0.783775322342394	mu.visitV28	-0.11304971982039579	0.408306800410613	-0.2768744476131858	0.783775322342394	mu	covariate	TRDV2*01+CACDVLGDSSWDTRQMFF+18+(D[RTV]LGDSSWDTRQM)	RADIUS+MOTIF	0.10580841467680417
-0.08586014406938632	0.3118211841487523	-0.27535058050586864	0.7849345897808917	mu.visitV28	-0.08586014406938632	0.3118211841487523	-0.27535058050586864	0.7849345897808917	mu	covariate	TRDV2*01+CACDTVGLYTDKLIF+18+(DTV[G]?[ADL][HY]TDKL)	RADIUS+MOTIF	0.10516653240227011
0.13765464399247743	0.5034015594376026	0.2734489820537394	0.7863819158058204	mu.visitV28	0.13765464399247743	0.5034015594376026	0.2734489820537394	0.7863819158058204	mu	covariate	TRDV2*01+CACDTIGTGGQYTDKLIF+18+(DT[IV]GTGG[QY]YTDKL)	RADIUS	0.1043664824038553
0.10339492963106693	0.3801910244311411	0.27195520932081724	0.7875193859327291	mu.visitV28	0.10339492963106693	0.3801910244311411	0.27195520932081724	0.7875193859327291	mu	covariate	TRDV2*01+CACDLLGDNTDKLIF+18+(D[ILPV]LG[DE][NDGHI]TDKL)	RADIUS+MOTIF	0.10373874661774667
0.08479409719783869	0.3224204757577081	0.26299228359665217	0.7943543479459872	mu.visitV28	0.08479409719783869	0.3224204757577081	0.26299228359665217	0.7943543479459872	mu	covariate	TRDV2*01+CACDTLLGDNTDKLIF+18+(D[ST]LLGD[N]?[GT]DKL)	RADIUS	0.0999857229779992
-0.17502029418341217	0.667839006676038	-0.26206958927799306	0.7950589306420228	mu.visitV28	-0.17502029418341217	0.667839006676038	-0.26206958927799306	0.7950589306420228	mu	covariate	TRDV2*01+CACDTLLGEMYTDKLIF+18+(DT[L]?LGE[QLM]YTDKL)	RADIUS+MOTIF	0.09960067976601766
-0.07091311410008112	0.2780358113759598	-0.2550502892024671	0.8004246797219636	mu.visitV28	-0.07091311410008112	0.2780358113759598	-0.2550502892024671	0.8004246797219636	mu	covariate	TRDV2*01+CACDTLGESDKLIF+18+(D[TV][LV]G[DE][ANST]DKL)	RADIUS	0.09667952910401421
-0.12391643243126395	0.49966225676834436	-0.2480003857660088	0.805823801414449	mu.visitV28	-0.12391643243126395	0.49966225676834436	-0.2480003857660088	0.805823801414449	mu	covariate	TRDV2*01+CACDTLLGDTDKLIF+18+(D[ST][LM]G[DE]TDKL)	EXACT	0.09375990911158105
-0.0834610543940155	0.3382214980707971	-0.24676448679363747	0.8067713174822616	mu.visitV28	-0.0834610543940155	0.3382214980707971	-0.24676448679363747	0.8067713174822616	mu	covariate	TRDV2*01+CACDTAGASSWDTRQMFF+18+(DTAG[AR][LS]SWDTRQM)	RADIUS	0.09324955032120728
0.14751800939930027	0.6005385380286924	0.24564286895481832	0.8076314766293062	mu.visitV28	0.14751800939930027	0.6005385380286924	0.24564286895481832	0.8076314766293062	mu	covariate	TRDV2*01+CACDTWGTDKLIF+18+(D[MT][WY]GTDKL)	RADIUS+MOTIF	0.09278676320533816
0.16284990744793792	0.6650143361980493	0.24488179966008922	0.8082152734391493	mu.visitV28	0.16284990744793792	0.6650143361980493	0.24488179966008922	0.8082152734391493	mu	covariate	TRDV2*01+CACDSVLGGDKLIF+18+(D[ST][LV]LG[GT]DKL)	RADIUS+MOTIF	0.09247294663320509
-0.06365332923497638	0.2663853957846361	-0.2389520230547399	0.8127676715167784	mu.visitV28	-0.06365332923497638	0.2663853957846361	-0.2389520230547399	0.8127676715167784	mu	covariate	TRDV2*01+CACDTLGDTNDKLIF+18+(DT[LMV]G[DE][NT]DKL)	RADIUS	0.09003357912646436
0.07330039476764282	0.30816916877893513	0.2378576515557427	0.8136085728892973	mu.visitV28	0.07330039476764282	0.30816916877893513	0.2378576515557427	0.8136085728892973	mu	covariate	TRDV2*01+CACDTWGTDKLIF+18+(D[MT][WY]GTDKL)	RADIUS	0.08958448395588642
-0.14047917831131185	0.5997009481928293	-0.23424871802294006	0.8163832270233877	mu.visitV28	-0.14047917831131185	0.5997009481928293	-0.23424871802294006	0.8163832270233877	mu	covariate	TRDV2*01+CACDTVGGYGYTDKLIF+18+(DT[IV]GG[AG]YTDKL)	RADIUS+MOTIF	0.08810592664829699
-0.14047917831131185	0.5997009481928293	-0.23424871802294006	0.8163832270233877	mu.visitV28	-0.14047917831131185	0.5997009481928293	-0.23424871802294006	0.8163832270233877	mu	covariate	TRDV2*01+CACDTVGGGYTDKLIF+18+(DTVG[RG][GT]YTDKL)	EXACT	0.08810592664829699
-0.08740223028096344	0.3761070576798642	-0.23238657317448883	0.8178158475779485	mu.visitV28	-0.08740223028096344	0.3761070576798642	-0.23238657317448883	0.8178158475779485	mu	covariate	TRDV2*01+CACDTLGRYTDKLIF+18+(D[DST]LG.[HFY]TDKL)	RADIUS+MOTIF	0.08734447797223104
0.09152871573009103	0.41208179661244027	0.2221129797106109	0.825731090930808	mu.visitV28	0.09152871573009103	0.41208179661244027	0.2221129797106109	0.825731090930808	mu	covariate	TRDV2*01+CACDKLGEYTDKLIF+18+(D.LG[DQET]YTDKL)	RADIUS+MOTIF	0.08316136277543408
-0.061756367301804185	0.2836043131482995	-0.21775538818942847	0.8290940592193121	mu.visitV28	-0.061756367301804185	0.2836043131482995	-0.21775538818942847	0.8290940592193121	mu	covariate	TRDV2*01+CACDTWGNTDKLIF+18+(D[ST][MW]G[NH]?TDKL)	RADIUS	0.08139619673237236
-0.061147809808669705	0.2840787794060017	-0.21524948092401527	0.8310294871907975	mu.visitV28	-0.061147809808669705	0.2840787794060017	-0.21524948092401527	0.8310294871907975	mu	covariate	TRDV2*01+CACDVLGDSDKLIF+18+(D[TV]LG[DE][ST]DKL)	RADIUS	0.08038356599079947
-0.06537419250683865	0.30396279269181287	-0.21507300919267902	0.8311658252100421	mu.visitV28	-0.06537419250683865	0.30396279269181287	-0.21507300919267902	0.8311658252100421	mu	covariate	TRDV2*01+CACDKLGDTADKLIF+18+(D[RKTV]L[RG]D[AIT][AG]?DKL)	RADIUS	0.08031232183661062
-0.0575517447165487	0.26834111394089744	-0.21447233288755208	0.8316299339606108	mu.visitV28	-0.0575517447165487	0.26834111394089744	-0.21447233288755208	0.8316299339606108	mu	covariate	TRDV2*01+CACDRLGDTDKLIF+18+(D.[LM]G[DE]T[DG]KL)	RADIUS	0.08006988692120086
-0.07810935382461032	0.3732984155225916	-0.20924105374319016	0.8356744391211517	mu.visitV28	-0.07810935382461032	0.3732984155225916	-0.20924105374319016	0.8356744391211517	mu	covariate	TRDV2*01+CACDVLGDSSWDTRQMFF+18+(D[RTV]LGDSSWDTRQM)	RADIUS	0.07796288144944429
-0.10296717820159736	0.5005336064168592	-0.20571481491263396	0.8384032968439918	mu.visitV28	-0.10296717820159736	0.5005336064168592	-0.20571481491263396	0.8384032968439918	mu	covariate	TRDV2*01+CACDTLLGDNTDKLIF+18+(D[ST]LLGD[N]?[GT]DKL)	RADIUS+MOTIF	0.07654702258561309
-0.11907773727836916	0.5994072437302529	-0.1986591562312799	0.8438695752370788	mu.visitV28	-0.11907773727836916	0.5994072437302529	-0.1986591562312799	0.8438695752370788	mu	covariate	TRDV2*01+CACDTVGRGYTDKLIF+18+(D[PT]VG[RG]GYTDKL)	RADIUS+MOTIF	0.07372467082913405
0.08975014764186078	0.4567761955418987	0.19648604397036332	0.8455547715845902	mu.visitV28	0.08975014764186078	0.4567761955418987	0.19648604397036332	0.8455547715845902	mu	covariate	TRDV2*01+CACDVLLGDTGTDKLIF+18+(D[ITV][L]?LGDTGTDKL)	RADIUS	0.07285825533232608
-0.07596862409612042	0.38844828801653686	-0.19556946558839336	0.8462657792589927	mu.visitV28	-0.07596862409612042	0.38844828801653686	-0.19556946558839336	0.8462657792589927	mu	covariate	TRDV2*01+CACDPLLGEYTDKLIF+18+(D[PY][L]?LGE[HY]TDKL)	RADIUS	0.07249322048556388
-0.07819109957636475	0.4093295650925023	-0.1910223600845806	0.8497949908990645	mu.visitV28	-0.07819109957636475	0.4093295650925023	-0.1910223600845806	0.8497949908990645	mu	covariate	TRDV2*01+CACDKLGDTRADKLIF+18+(D[AK]LGDT[R]?ADKL)	RADIUS	0.07068583317979113
-0.06317758500351188	0.33397589433093156	-0.18916809888353855	0.8512350784673584	mu.visitV28	-0.06317758500351188	0.33397589433093156	-0.18916809888353855	0.8512350784673584	mu	covariate	TRDV2*01+CACDTLGRYTDKLIF+18+(D[DST]LG.[HFY]TDKL)	RADIUS	0.06995048787925863
-0.07681532369833874	0.4075105444337717	-0.18849898425345582	0.851754865831548	mu.visitV28	-0.07681532369833874	0.4075105444337717	-0.18849898425345582	0.851754865831548	mu	covariate	TRDV2*01+CACDTLGDSSWDTRQMFF+18+(D[RTV][LM]G[DM]SSWDTRQM)	RADIUS+MOTIF	0.06968537675303467
-0.06152282383913489	0.344958806250896	-0.17834832079743462	0.8596483571857783	mu.visitV28	-0.06152282383913489	0.344958806250896	-0.17834832079743462	0.8596483571857783	mu	covariate	TRDV2*01+CACDPLGETDKLIF+18+(D.LG[DEG][PT]DKL)	RADIUS	0.06567916243577301
-0.06185580540557115	0.3644885722024576	-0.16970574696430518	0.8663807768758764	mu.visitV28	-0.06185580540557115	0.3644885722024576	-0.16970574696430518	0.8663807768758764	mu	covariate	TRDV2*01+CACDILGEYTDKLIF+18+(D.LG[ADQE][GHIY]TDKL)	RADIUS	0.062291192335354593
-0.2280486990504186	1.4142187882059152	-0.161254185669335	0.8729742702999348	mu.visitV28	-0.2280486990504186	1.4142187882059152	-0.161254185669335	0.8729742702999348	mu	covariate	TRDV2*01+CACDTLGENDKLIF+18+(DT[LM]G[DEG][ANST]DKL)	EXACT	0.05899855633043336
-0.1589272369587085	0.9994656877784764	-0.1590121991200697	0.8747249356789133	mu.visitV28	-0.1589272369587085	0.9994656877784764	-0.1590121991200697	0.8747249356789133	mu	covariate	TRDV2*01+CACDTLGDRGTDKLIF+18+(D[ET][LV]G[DE][RK]GTDKL)	EXACT	0.05812849291741086
-0.06097480182922807	0.4023571551302125	-0.15154397293990002	0.8805611335642859	mu.visitV28	-0.06097480182922807	0.4023571551302125	-0.15154397293990002	0.8805611335642859	mu	covariate	TRDV2*01+CACDTWGNTDKLIF+18+(D[ST][MW]G[NH]?TDKL)	RADIUS+MOTIF	0.05524048745595229
-0.055001777143378006	0.3639948553251388	-0.15110591905000306	0.8809036747928283	mu.visitV28	-0.055001777143378006	0.3639948553251388	-0.15110591905000306	0.8809036747928283	mu	covariate	TRDV2*01+CACDTLGEYTDKLIF+18+(D[IKPST]LG.[HFY]?TDKL)	RADIUS+MOTIF	0.055071578299720786
-0.09130205720085766	0.6290764634834856	-0.1451366606457921	0.88557370984700845	mu.visitV28	-0.09130205720085766	0.6290764634834856	-0.1451366606457921	0.88557370984700845	mu	covariate	TRDV2*01+CACDTWGTDKLIF+18+(D[MT][WY]GTDKL)	EXACT	0.05277528490016685
-0.03456988839130178	0.2394732191120758	-0.14435805606773397	0.8861831610149826	mu.visitV28	-0.03456988839130178	0.2394732191120758	-0.14435805606773397	0.8861831610149826	mu	covariate	TRDV2*01+CACDTLGDTDKLIF+18+(D.[LM][GS][NDEF][NST]DKL)	RADIUS	0.05247650655869926
-0.06446951153957563	0.4524634186576466	-0.14248557757628588	0.8876491287000877	mu.visitV28	-0.06446951153957563	0.4524634186576466	-0.14248557757628588	0.8876491287000877	mu	covariate	TRDV2*01+CACDVLGDTDKLIF+18+(D.[LM]G[DE][ST]DKL)	EXACT	0.0517586688860751
0.10045421766377878	0.7070486754129979	0.1420753919171151	0.8879703181051677	mu.visitV28	0.10045421766377878	0.7070486754129979	0.1420753919171151	0.8879703181051677	mu	covariate	TRDV2*01+CACDKLGDTRADKLIF+18+(D[AK]LGDT[R]?ADKL)	RADIUS+MOTIF	0.05160155099908146
0.044025932251839935	0.3126410155456346	0.140819438470042	0.8889538925948501	mu.visitV28	0.044025932251839935	0.3126410155456346	0.140819438470042	0.8889538925948501	mu	covariate	TRDV2*01+CACDTLGDTITDKLIF+18+(DTLGDT[AIYV]TDKL)	RADIUS	0.05112076401394855
0.053067745021477535	0.3783474240311363	0.14026194352286722	0.8893905411292207	mu.visitV28	0.053067745021477535	0.3783474240311363	0.14026194352286722	0.8893905411292207	mu	covariate	TRDV2*01+CACDVLGDTADKLIF+18+(D[KTV]LGDT[AY]?DKL)	RADIUS+MOTIF	0.05090749368315887
0.0520205326944496	0.4117012438071693	0.1263550535174354	0.9002939344159995	mu.visitV28	0.0520205326944496	0.4117012438071693	0.1263550535174354	0.9002939344159995	mu	covariate	TRDV2*01+CACDTVGANTDKLIF+18+(DTVG[ARG][NY]TDKL)	RADIUS+MOTIF	0.04561567583408634
0.045015497599735034	0.36290602869956967	0.12404174645718255	0.9021096112485607	mu.visitV28	0.045015497599735034	0.36290602869956967	0.12404174645718255	0.9021096112485607	mu	covariate	TRDV2*01+CACDSVLGDTRTDKLIF+18+(D[PST][LV][LM]GDTRTDKL)	RADIUS	0.044740690098589414
0.08653852156651956	0.7007710299002986	0.12349043820894212	0.9025424038468741	mu.visitV28	0.08653852156651956	0.7007710299002986	0.12349043820894212	0.9025424038468741	mu	covariate	TRDV2*01+CACDTVLYTDKLIF+18+(DT[LV][QLV][HY]TDKL)	EXACT	0.04453238463106739
-0.040054908312024316	0.3253830492614101	-0.12310078353173379	0.9028483121746417	mu.visitV28	-0.040054908312024316	0.3253830492614101	-0.12310078353173379	0.9028483121746417	mu	covariate	TRDV2*01+CACDVLGDNTDKLIF+18+(D[ILPV]LG[DE][NDGH]?TDKL)	RADIUS+MOTIF	0.04438520950846356
-0.05571572180270349	0.46530101398693885	-0.11974124304029014	0.905486428648377	mu.visitV28	-0.05571572180270349	0.46530101398693885	-0.11974124304029014	0.905486428648377	mu	covariate	TRDV2*01+CACDTVGGTYTDKLIF+18+(DTVG[DG][GT][HY]TDKL)	RADIUS+MOTIF	0.043118054468962774
-0.03218979847607855	0.2689835719640273	-0.11967198680960144	0.9055408245097224	mu.visitV28	-0.03218979847607855	0.2689835719640273	-0.11967198680960144	0.9055408245097224	mu	covariate	TRDV2*01+CACDTLGENDKLIF+18+(DT[LM]G[DEG][ANST]DKL)	RADIUS	0.0430919656043291
-0.053987712286645353	0.4910732229871207	-0.10993821238764892	0.9131905234546165	mu.visitV28	-0.053987712286645353	0.4910732229871207	-0.10993821238764892	0.9131905234546165	mu	covariate	TRDV2*01+CACDTVGAYTDKLIF+18+(DTVG[ADL][NHY]TDKL)	EXACT	0.03943860400694708
-0.04415922224377585	0.4188155968292676	-0.10543834226349882	0.9167298413571445	mu.visitV28	-0.04415922224377585	0.4188155968292676	-0.10543834226349882	0.9167298413571445	mu	covariate	TRDV2*01+CACDTVGGTDKLIF+18+(DTVG[GP][MT]DKL)	RADIUS+MOTIF	0.03775863128130763
-0.06625593873826227	0.6299920920942751	-0.1051694768390004	0.9169413698299337	mu.visitV28	-0.06625593873826227	0.6299920920942751	-0.1051694768390004	0.9169413698299337	mu	covariate	TRDV2*01+CACDTLGEYTDKLIF+18+(D[IKPST]LG.[HFY]?TDKL)	EXACT	0.037658432676078095
0.03842903515757761	0.38781563946110764	0.09909098872592396	0.9217252074986553	mu.visitV28	0.03842903515757761	0.38781563946110764	0.09909098872592396	0.9217252074986553	mu	covariate	TRDV2*01+CACDILGEYTDKLIF+18+(D.LG[ADQE][GHIY]TDKL)	RADIUS+MOTIF	0.035398535187898074
0.03461313827119178	0.35769081119350776	0.0967683183017703	0.923553970971196	mu.visitV28	0.03461313827119178	0.35769081119350776	0.0967683183017703	0.923553970971196	mu	covariate	TRDV2*01+CACDPLGDNTDKLIF+18+(D[LPV]LG[DE][NTY]?TDKL)	RADIUS	0.03453772002873909
-0.027444578485766005	0.30646317539520584	-0.08955261411219892	0.9292379469725793	mu.visitV28	-0.027444578485766005	0.30646317539520584	-0.08955261411219892	0.9292379469725793	mu	covariate	TRDV2*01+CACDLLGDNTDKLIF+18+(D[ILPV]LG[DE][NDGHI]TDKL)	RADIUS	0.03187306337428364
-0.028826182058497626	0.3229423536230672	-0.08926107627289745	0.9294676798403829	mu.visitV28	-0.028826182058497626	0.3229423536230672	-0.08926107627289745	0.9294676798403829	mu	covariate	TRDV2*01+CACDPVLGDTRYTDKLIF+18+(D[PS]V[LM]GDTR[Y]?TDKL)	RADIUS	0.031765707248743696
-0.03693127279891407	0.4264848741434482	-0.08659456650857032	0.9315691831983148	mu.visitV28	-0.03693127279891407	0.4264848741434482	-0.08659456650857032	0.9315691831983148	mu	covariate	TRDV2*01+CACDTLGELYTDKLIF+18+(DTLG[DEG][LMT]?YTDKL)	RADIUS+MOTIF	0.030784886591078545
0.08010610159969386	0.9996611709674895	0.08013325307230428	0.9366634589445293	mu.visitV28	0.08010610159969386	0.9996611709674895	0.08013325307230428	0.9366634589445293	mu	covariate	TRDV2*01+CACDYLLGEHTDKLIF+18+(D[FPY]LLG[ET][HY]TDKL)	RADIUS+MOTIF	0.0284164221082578
0.07698698298672542	0.9992633091287237	0.07704374040697222	0.9391002916601694	mu.visitV28	0.07698698298672542	0.9992633091287237	0.07704374040697222	0.9391002916601694	mu	covariate	TRDV2*01+CACDTLGAVTDKLIF+18+(DTLGA[IV]TDKL)	RADIUS+MOTIF	0.027288024572321722
-0.06222348079808013	0.815224209368753	-0.0763268314201086	0.9396658354342848	mu.visitV28	-0.06222348079808013	0.815224209368753	-0.0763268314201086	0.9396658354342848	mu	covariate	TRDV2*01+CACDDLGRYTDKLIF+18+([DE][DT]LGR[HY]TDKL)	RADIUS+MOTIF	0.02702656302663011
0.03933123289527987	0.5313200220557698	0.07402550489834822	0.9414814839082082	mu.visitV28	0.03933123289527987	0.5313200220557698	0.07402550489834822	0.9414814839082082	mu	covariate	TRDV2*01+CACDTLGDRSDKLIF+18+(D[LT]LG[DE][RK]?SDKL)	RADIUS+MOTIF	0.026188216821577077
-0.02803151839503004	0.37968672351345206	-0.07382801836113424	0.9416373073927944	mu.visitV28	-0.02803151839503004	0.37968672351345206	-0.07382801836113424	0.9416373073927944	mu	covariate	TRDV2*01+CACDPLGDNTDKLIF+18+(D[LPV]LG[DE][NTY]?TDKL)	RADIUS+MOTIF	0.026116343204284534
0.022407783856210377	0.31336273603622966	0.07150749364665901	0.9434684531788448	mu.visitV28	0.022407783856210377	0.31336273603622966	0.07150749364665901	0.9434684531788448	mu	covariate	TRDV2*01+CACDTAGGSSSWDTRQMFF+18+(DTAGG[LS]SSWDTRQM)	RADIUS	0.025272616791472614
0.024170145900234512	0.35737693649394686	0.06763208095451313	0.946527269226421	mu.visitV28	0.024170145900234512	0.35737693649394686	0.06763208095451313	0.946527269226421	mu	covariate	TRDV2*01+CACDPLGEYTDKLIF+18+(D[IKPST]LG[DQE][NTY]?TDKL)	RADIUS	0.023866869598796605
-0.09557251169819342	1.4157905916306561	-0.067504694736046	0.9466278279389289	mu.visitV28	-0.09557251169819342	1.4157905916306561	-0.067504694736046	0.9466278279389289	mu	covariate	TRDV2*01+CACDTLLGDNTDKLIF+18+(D[ST]LLGD[N]?[GT]DKL)	EXACT	0.023820732761877225
0.025702168523573425	0.3851619421190208	0.06673081037594071	0.9472387515844216	mu.visitV28	0.025702168523573425	0.3851619421190208	0.06673081037594071	0.9472387515844216	mu	covariate	TRDV2*01+CACESLGDTSDKLIF+18+([DE]S[LV]GDT[RS]DKL)	RADIUS	0.023540543248874245
-0.022643283305635125	0.34187984818403405	-0.06623169931164306	0.9476327796409356	mu.visitV28	-0.022643283305635125	0.34187984818403405	-0.06623169931164306	0.9476327796409356	mu	covariate	TRDV2*01+CACDLLGEITDKLIF+18+(D[AIL][LM]G[DE][NDIY]TDKL)	RADIUS	0.023359924974436445
0.020669716790431447	0.31336091848182934	0.06596137415786267	0.947846196072643	mu.visitV28	0.020669716790431447	0.31336091848182934	0.06596137415786267	0.947846196072643	mu	covariate	TRDV2*01+CACDTVGGSSWDTRQMFF+18+(DTVG[GL][NS]SWDTRQM)	RADIUS	0.023262128501653354
0.020697258425286292	0.3168968216622688	0.06531229413005692	0.9483586481070442	mu.visitV28	0.020697258425286292	0.3168968216622688	0.06531229413005692	0.9483586481070442	mu	covariate	TRDV2*01+CACDTLLGDTGYTDKLIF+18+(DTLLGDTG[Y]?TDKL)	RADIUS	0.023027391103020687
0.04783577983030299	0.8346132290488603	0.05731490727126081	0.954674399573216	mu.visitV28	0.04783577983030299	0.8346132290488603	0.05731490727126081	0.954674399573216	mu	covariate	TRDV2*01+CACDPLGEYTDKLIF+18+(D[IKPST]LG[DQE][NTY]?TDKL)	EXACT	0.02014472326431728
0.05691833174703692	1.0016291352686209	0.05682575490555428	0.9550607976667687	mu.visitV28	0.05691833174703692	1.0016291352686209	0.05682575490555428	0.9550607976667687	mu	covariate	TRDV2*01+CACDKLGDIYTDKLIF+18+(D[RK]LG[DE][IS]?[SY]TDKL)	EXACT	0.01996898103326837
-0.023579308856759205	0.415721801256144	-0.05671896153993373	0.9551451588583448	mu.visitV28	-0.023579308856759205	0.415721801256144	-0.05671896153993373	0.9551451588583448	mu	covariate	TRDV2*01+CACDTVGGNTDKLIF+18+(DT[LV]G[ARG][NS]?TDKL)	RADIUS+MOTIF	0.019930621190564515
0.06708346214750975	1.4139833153361978	0.047442895131729015	0.9624746741356305	mu.visitV28	0.06708346214750975	1.4139833153361978	0.047442895131729015	0.9624746741356305	mu	covariate	TRDV2*01+CACDTLGELYTDKLIF+18+(DTLG[DEG][LMT]?YTDKL)	EXACT	0.01661068938086658
0.04698523128325104	0.999966182082298	0.04698682027967234	0.9628351345196375	mu.visitV28	0.04698523128325104	0.999966182082298	0.04698682027967234	0.9628351345196375	mu	covariate	TRDV2*01+CACDNLKYTDKLIF+18+(DNL[KT][HY]TDKL)	RADIUS+MOTIF	0.016448070401994374
0.04582294203874129	1.000798902514342	0.04578636319805979	0.9637839580023728	mu.visitV28	0.04582294203874129	1.000798902514342	0.04578636319805979	0.9637839580023728	mu	covariate	TRDV2*01+CACDSVLGAPYTDKLIF+18+(DSVLGA[PS]YTDKL)	RADIUS+MOTIF	0.01602030672232813
0.04508184971106156	0.9998079159492252	0.04509051087904271	0.9643339741224055	mu.visitV28	0.04508184971106156	0.9998079159492252	0.04509051087904271	0.9643339741224055	mu	covariate	TRDV2*01+CACDTWGVATDKLIF+18+(DTWG[IV][AQ]TDKL)	RADIUS+MOTIF	0.015772532487788427
-0.016479659759878577	0.36705514134254946	-0.044896959349492255	0.9644869644513319	mu.visitV28	-0.016479659759878577	0.36705514134254946	-0.044896959349492255	0.9644869644513319	mu	covariate	TRDV2*01+CACDKLGDSYTDKLIF+18+(D[KPS][LM]G[DE][IS]?YTDKL)	RADIUS	0.015703637698803247
-0.02433420217765546	0.5448486407908729	-0.044662316019240214	0.9646724371096724	mu.visitV28	-0.02433420217765546	0.5448486407908729	-0.044662316019240214	0.9646724371096724	mu	covariate	TRDV2*01+CACDILGDTGTDKLIF+18+(D[IV]LG[DE][T]?[GT]TDKL)	RADIUS+MOTIF	0.015620130081709257
0.009147904808645083	0.2609729746749571	0.03505307329250791	0.9722696202000765	mu.visitV28	0.009147904808645083	0.2609729746749571	0.03505307329250791	0.9722696202000765	mu	covariate	TRDV2*01+CACDTLGDRGTDKLIF+18+(D[ET][LV]G[DE][RK]GTDKL)	RADIUS	0.012213284119149067
-0.012027155549917025	0.3488866845922645	-0.034472956639124454	0.9727283593227993	mu.visitV28	-0.012027155549917025	0.3488866845922645	-0.034472956639124454	0.9727283593227993	mu	covariate	TRDV2*01+CACDTLGEYTDKLIF+18+(D[IKPST]LG.[HFY]?TDKL)	RADIUS	0.012008422339935529
-0.04832152368120956	1.4131409239983421	-0.03419441250380648	0.9729486271799107	mu.visitV28	-0.04832152368120956	1.4131409239983421	-0.03419441250380648	0.9729486271799107	mu	covariate	TRDV2*01+CACDSLLGDNTDKLIF+18+(D[NST]LLGD[NS]TDKL)	EXACT	0.01191009038046188
0.04726340946616471	1.4138407987655517	0.033429088697561414	0.9735538430415608	mu.visitV28	0.04726340946616471	1.4138407987655517	0.033429088697561414	0.9735538430415608	mu	covariate	TRDV2*01+CACDVLLGDTGTDKLIF+18+(D[ITV][L]?LGDTGTDKL)	EXACT	0.011640024535115116
0.04561654869714766	1.4133886879554873	0.03227459586020423	0.9744668428067405	mu.visitV28	0.04561654869714766	1.4133886879554873	0.03227459586020423	0.9744668428067405	mu	covariate	TRDV2*01+CACDSVLGDTRTDKLIF+18+(D[PST][LV][LM]GDTRTDKL)	EXACT	0.011232933592077658
0.04487542962795658	1.414041871003889	0.03173557342831552	0.9748931263863152	mu.visitV28	0.04487542962795658	1.414041871003889	0.03173557342831552	0.9748931263863152	mu	covariate	TRDV2*01+CACDTLGAVTDKLIF+18+(DTLGA[IV]TDKL)	EXACT	0.011042991649889367
0.011506925800338283	0.36845665020952195	0.031230066803774333	0.9752929109824939	mu.visitV28	0.011506925800338283	0.36845665020952195	0.031230066803774333	0.9752929109824939	mu	covariate	TRDV2*01+CACDVLGDSDKLIF+18+(D[TV]LG[DE][ST]DKL)	RADIUS+MOTIF	0.010864932487147396
-0.017747430239848334	0.5714154209838643	-0.03105871768264631	0.9754284255072598	mu.visitV28	-0.017747430239848334	0.5714154209838643	-0.03105871768264631	0.9754284255072598	mu	covariate	TRDV2*01+CACDSMLGDTRYTDKLIF+18+(DS[LMV][LM]GDTR[Y]?TDKL)	RADIUS+MOTIF	0.010804592540772328
0.04148010762815379	1.4148463448287831	0.02931774731564471	0.9768053446779024	mu.visitV28	0.04148010762815379	1.4148463448287831	0.02931774731564471	0.9768053446779024	mu	covariate	TRDV2*01+CACDTLGESDKLIF+18+(D[TV][LV]G[DE][ANST]DKL)	EXACT	0.0101919727755303
0.04075073169549801	1.4137417034430726	0.028824736227453962	0.9771952764816929	mu.visitV28	0.04075073169549801	1.4137417034430726	0.028824736227453962	0.9771952764816929	mu	covariate	TRDV2*01+CACDILGDGTDKLIF+18+(D[ILV]LG[DE].TDKL)	EXACT	0.010018640964763289
0.03720936450281201	1.4143205490037813	0.026309003661879573	0.9791851040699031	mu.visitV28	0.03720936450281201	1.4143205490037813	0.026309003661879573	0.9791851040699031	mu	covariate	TRDV2*01+CACDKLGEYTDKLIF+18+(D.LG[DQET]YTDKL)	EXACT	0.009135201887086743
0.03696767035191027	1.4155937828220648	0.026114603497490056	0.9793388713997784	mu.visitV28	0.03696767035191027	1.4155937828220648	0.026114603497490056	0.9793388713997784	mu	covariate	TRDV2*01+CACDSVLGAPYTDKLIF+18+(DSVLGA[PS]YTDKL)	EXACT	0.009067007365257595
-0.026089459559335417	0.9992895410663724	-0.026108008227019527	0.9793440881643323	mu.visitV28	-0.026089459559335417	0.9992895410663724	-0.026108008227019527	0.9793440881643323	mu	covariate	TRDV2*01+CACDSLLGDTRTDKLIF+18+(D[ST][LMV]LG[DE][KT]RTDKL)	EXACT	0.00906469396170437
0.03240684616470397	1.414259559489006	0.022914355393442113	0.9818703264626985	mu.visitV28	0.03240684616470397	1.414259559489006	0.022914355393442113	0.9818703264626985	mu	covariate	TRDV2*01+CACDPLLGEYTDKLIF+18+(D[PY][L]?LGE[HY]TDKL)	EXACT	0.007945864779583806
0.007562407763961746	0.33744653054002915	0.022410684596043475	0.9822687574757525	mu.visitV28	0.007562407763961746	0.33744653054002915	0.022410684596043475	0.9822687574757525	mu	covariate	TRDV2*01+CACDTGGFSSWDTRQMFF+18+(DTGG[FP]SSWDTRQM)	RADIUS	0.00776966911790494
-0.017689901450964243	0.8132777879011093	-0.02175136431134801	0.9827903227115199	mu.visitV28	-0.017689901450964243	0.8132777879011093	-0.02175136431134801	0.9827903227115199	mu	covariate	TRDV2*01+CACDTLGDTYTDKLIF+18+(DT[LV]G[DE][LT]?[AHIY]TDKL)	EXACT	0.007539128559150989
-0.005494574843396355	0.25609022980679946	-0.0214556207300122	0.9830242776483001	mu.visitV28	-0.005494574843396355	0.25609022980679946	-0.0214556207300122	0.9830242776483001	mu	covariate	TRDV2*01+CACDTVGGNTDKLIF+18+(DT[LV]G[ARG][NS]?TDKL)	RADIUS	0.007435756309785467
0.029307548571719796	1.4141436802084681	0.020724590423088676	0.9836025829557695	mu.visitV28	0.029307548571719796	1.4141436802084681	0.020724590423088676	0.9836025829557695	mu	covariate	TRDV2*01+CACDPTGGNWDTRQMFF+18+(DPTGG[NS]WDTRQM)	EXACT	0.007180339467719786
0.027919261350941776	1.414185557382945	0.019742289974031723	0.9843796778824574	mu.visitV28	0.027919261350941776	1.414185557382945	0.019742289974031723	0.9843796778824574	mu	covariate	TRDV2*01+CACDSVMGDTRYTDKLIF+18+(D[PS][MV][LM]GD[T]?R[Y]?TDKL)	EXACT	0.0068373607093926165
0.027328657961852673	1.4141883506851367	0.019324623872493833	0.9847100970406656	mu.visitV28	0.027328657961852673	1.4141883506851367	0.019324623872493833	0.9847100970406656	mu	covariate	TRDV2*01+CACDALGDTHSDKLIF+18+([DE]ALGDTH[ST]DKL)	EXACT	0.006691608879994777
-0.006179283828219376	0.3476566557861227	-0.017774099029534623	0.9859367538905327	mu.visitV28	-0.006179283828219376	0.3476566557861227	-0.017774099029534623	0.9859367538905327	mu	covariate	TRDV2*01+CACDTLLGEMYTDKLIF+18+(DT[L]?LGE[QLM]YTDKL)	RADIUS	0.006150943392783247
0.006194151097768652	0.35641149355201274	0.017379212538960142	0.9862491636284738	mu.visitV28	0.006194151097768652	0.35641149355201274	0.017379212538960142	0.9862491636284738	mu	covariate	TRDV2*01+CACDTVGERGTDKLIF+18+(D[ST][LV]G[DEGT]RGTDKL)	RADIUS	0.006013352078282631
0.02409366511715824	1.414263077052481	0.01703619751381246	0.9865205376749544	mu.visitV28	0.02409366511715824	1.414263077052481	0.01703619751381246	0.9865205376749544	mu	covariate	TRDV2*01+CACDTVGGIPDKLIF+18+(DTVGG[GI]PDKL)	EXACT	0.005893869047309684
-0.006334063682416133	0.3914943454021794	-0.0161791958346402	0.987198555919854	mu.visitV28	-0.006334063682416133	0.3914943454021794	-0.0161791958346402	0.987198555919854	mu	covariate	TRDV2*01+CACDILGDGTDKLIF+18+(D[ILV]LG[DE].TDKL)	RADIUS+MOTIF	0.005595488599019882
-0.018475753763441117	1.4134390912254107	-0.013071489162948773	0.9896573007156019	mu.visitV28	-0.018475753763441117	1.4134390912254107	-0.013071489162948773	0.9896573007156019	mu	covariate	TRDV2*01+CACDNLKYTDKLIF+18+(DNL[KT][HY]TDKL)	EXACT	0.0045151671944624674
-0.010616679282761932	0.8154489004118433	-0.01301942927067529	0.9896984902315707	mu.visitV28	-0.010616679282761932	0.8154489004118433	-0.01301942927067529	0.9896984902315707	mu	covariate	TRDV2*01+CACDPLGDNTDKLIF+18+(D[LPV]LG[DE][NTY]?TDKL)	EXACT	0.004497092243428454
0.0171348455262736	1.4141118551339846	0.012117036897799081	0.9904124628671531	mu.visitV28	0.0171348455262736	1.4141118551339846	0.012117036897799081	0.9904124628671531	mu	covariate	TRDV2*01+CACDTMGNTDKLIF+18+(DT[LMW]G[NDEF]TDKL)	EXACT	0.004183903339729982
0.016669839220029115	1.4135581721568662	0.011792821511260182	0.9906689840067653	mu.visitV28	0.016669839220029115	1.4135581721568662	0.011792821511260182	0.9906689840067653	mu	covariate	TRDV2*01+CACDTLGDTNDKLIF+18+(DT[LMV]G[DE][NT]DKL)	EXACT	0.004071433742658627
0.0040077498926141585	0.3485556184602039	0.011498164655382656	0.9909021191411717	mu.visitV28	0.0040077498926141585	0.3485556184602039	0.011498164655382656	0.9909021191411717	mu	covariate	TRDV2*01+CACDTLLGDTGTDKLIF+18+(D[TV]LLGDT[RG]TDKL)	RADIUS	0.003969242806671746
0.016112349914807353	1.4138558912552244	0.011396034075653053	0.9909829259589866	mu.visitV28	0.016112349914807353	1.4138558912552244	0.011396034075653053	0.9909829259589866	mu	covariate	TRDV2*01+CACDPLVLGDTSTDKLIF+18+(DPLVLGDT[LS]TDKL)	EXACT	0.003933828083518743
-0.004306072418761143	0.40057746608073563	-0.010749662133748837	0.9914943446390188	mu.visitV28	-0.004306072418761143	0.40057746608073563	-0.010749662133748837	0.9914943446390188	mu	covariate	TRDV2*01+CACDYVLGDPYTDKLIF+18+(D[AY]VLGDPYTDKL)	RADIUS	0.0037097586135670085
-0.01464876685707904	1.4140467870105342	-0.010359464051432347	0.9918030767068158	mu.visitV28	-0.01464876685707904	1.4140467870105342	-0.010359464051432347	0.9918030767068158	mu	covariate	TRDV2*01+CACDTIGTGGQYTDKLIF+18+(DT[IV]GTGG[QY]YTDKL)	EXACT	0.003574548802803625
0.004846186806989681	0.4708890657291872	0.010291567929030592	0.9918567975300164	mu.visitV28	0.004846186806989681	0.4708890657291872	0.010291567929030592	0.9918567975300164	mu	covariate	TRDV2*01+CACDLLGEITDKLIF+18+(D[AIL][LM]G[DE][NDIY]TDKL)	RADIUS+MOTIF	0.003551025962635248
0.0020692459898269725	0.25917422386898664	0.00798399608933712	0.9936826177192868	mu.visitV28	0.0020692459898269725	0.25917422386898664	0.00798399608933712	0.9936826177192868	mu	covariate	TRDV2*01+CACDTVGGTYTDKLIF+18+(DTVG[DG][GT][HY]TDKL)	RADIUS	0.002752307135339126
-0.004491825899980768	0.6263268936492807	-0.0071716957159690805	0.9943253429748001	mu.visitV28	-0.004491825899980768	0.6263268936492807	-0.0071716957159690805	0.9943253429748001	mu	covariate	TRDV2*01+CACDILTNTDKLIF+18+(D[IP]LTNTDKL)	RADIUS	0.002471491316596483
0.005682274070900748	0.8132193006289681	0.006987382206135427	0.9944711799112567	mu.visitV28	0.005682274070900748	0.8132193006289681	0.006987382206135427	0.9944711799112567	mu	covariate	TRDV2*01+CACDTVLGKKDKLIF+18+(DTVLG[KP][RK]DKL)	RADIUS	0.0024077983483662686
-0.007115441314995532	1.4141492521907766	-0.005031605613037244	0.9960186871147396	mu.visitV28	-0.007115441314995532	1.4141492521907766	-0.005031605613037244	0.9960186871147396	mu	covariate	TRDV2*01+CACDTVLGDTVTDKLIF+18+(DT[V]?LGDT[IV]?[PT]DKL)	EXACT	0.001732513348709987
0.006359062484917086	1.414098015168267	0.004496903621041011	0.9964417727825465	mu.visitV28	0.006359062484917086	1.414098015168267	0.004496903621041011	0.9964417727825465	mu	covariate	TRDV2*01+CACDTLGDTATDKLIF+18+(DTLGDT[AIY][T]?DKL)	EXACT	0.001548074282178132
0.0037684162991088346	1.4141014811785937	0.002664883920472256	0.9978913748830722	mu.visitV28	0.0037684162991088346	1.4141014811785937	0.002664883920472256	0.9978913748830722	mu	covariate	TRDV2*01+CACDTWGVATDKLIF+18+(DTWG[IV][AQ]TDKL)	EXACT	9.167311138407754e-4
0.0037581008553523006	1.4131593967527933	0.002659360907189801	0.9978957450306949	mu.visitV28	0.0037581008553523006	1.4131593967527933	0.002659360907189801	0.9978957450306949	mu	covariate	TRDV2*01+CACDTLGDNADKLIF+18+(DTLG[DE][NT][A]?DKL)	EXACT	9.148291765262263e-4
0.0036288725876621247	1.4141678173703114	0.0025660834188760743	0.997969551923361	mu.visitV28	0.0036288725876621247	1.4141678173703114	0.0025660834188760743	0.997969551923361	mu	covariate	TRDV2*01+CACDDLGRYTDKLIF+18+([DE][DT]LGR[HY]TDKL)	EXACT	8.827088462866555e-4
-6.833502714836955e-4	0.31503259317081994	-0.002169141499315161	0.9982836370093932	mu.visitV28	-6.833502714836955e-4	0.31503259317081994	-0.002169141499315161	0.9982836370093932	mu	covariate	TRDV2*01+CACDVLGDNTDKLIF+18+(D[ILPV]LG[DE][NDGH]?TDKL)	RADIUS	7.460474031453997e-4
-0.217771895062574	757899.7914460937	-2.8733600077532576e-7	0.9999997726412604	mu.visitV28	-0.217771895062574	757899.7914460937	-2.8733600077532576e-7	0.9999997726412604	mu	covariate	TRDV2*01+CACDILGETTTDKLIF+18+(D[IV]LG[DE]T[NGT]TDKL)	EXACT	9.874065725112895e-8
-0.217771895062574	757899.7914460937	-2.8733600077532576e-7	0.9999997726412604	mu.visitV28	-0.217771895062574	757899.7914460937	-2.8733600077532576e-7	0.9999997726412604	mu	covariate	TRDV2*01+CACDSVGDTSDKLIF+18+([DE][ST][LV]GD[ST]SDKL)	EXACT	9.874065725112895e-8
-0.217771895062574	757899.7914460937	-2.8733600077532576e-7	0.9999997726412604	mu.visitV28	-0.217771895062574	757899.7914460937	-2.8733600077532576e-7	0.9999997726412604	mu	covariate	TRDV2*01+CACDTLLGDTRSTDKLIF+18+(DT[LV]LGDTR[NS]?TDKL)	EXACT	9.874065725112895e-8
-0.217771895062574	757899.7914460937	-2.8733600077532576e-7	0.9999997726412604	mu.visitV28	-0.217771895062574	757899.7914460937	-2.8733600077532576e-7	0.9999997726412604	mu	covariate	TRDV2*01+CACDTVGGRGTDKLIF+18+(DT[IV]G[EGT]R[GT]TDKL)	EXACT	9.874065725112895e-8
-0.217771895062574	757899.7914460937	-2.8733600077532576e-7	0.9999997726412604	mu.visitV28	-0.217771895062574	757899.7914460937	-2.8733600077532576e-7	0.9999997726412604	mu	covariate	TRDV2*01+CACDTVGRGYTDKLIF+18+(D[PT]VG[RG]GYTDKL)	EXACT	9.874065725112895e-8
-0.217771895062574	757899.7914460937	-2.8733600077532576e-7	0.9999997726412604	mu.visitV28	-0.217771895062574	757899.7914460937	-2.8733600077532576e-7	0.9999997726412604	mu	covariate	TRDV2*01+CACDTVGVLTYTDKLIF+18+(DTVGVL[KT]YTDKL)	EXACT	9.874065725112895e-8
-0.217771895062574	757899.7914460937	-2.8733600077532576e-7	0.9999997726412604	mu.visitV28	-0.217771895062574	757899.7914460937	-2.8733600077532576e-7	0.9999997726412604	mu	covariate	TRDV2*01+CACDVLGETNTDKLIF+18+(D[GIV]LG[DE][MT]?[NT]TDKL)	EXACT	9.874065725112895e-8
-0.217771895062574	757899.7914460937	-2.8733600077532576e-7	0.9999997726412604	mu.visitV28	-0.217771895062574	757899.7914460937	-2.8733600077532576e-7	0.9999997726412604	mu	covariate	TRDV2*01+CACESLGDTSDKLIF+18+([DE]S[LV]GDT[RS]DKL)	EXACT	9.874065725112895e-8
